country,respid,gender,age,educ,corganizedae
liberia,2001191,1-Male,19,0-None,1-Agree
liberia,2001131,2-Female,60,0-None,1-Agree
liberia,2001132,2-Female,21,0-None,1-Agree
liberia,2001114,2-Female,70,2-Completed ABC,1-Agree
liberia,2001161,2-Female,33,2-Completed ABC,1-Agree
liberia,2001194,2-Female,22,6-Completed high school,1-Agree
liberia,2001134,1-Male,36,7-Some university,0-Disagree
liberia,2001151,2-Female,33,7-Some university,0-Disagree
liberia,2001115,2-Female,37,3-Some junior high,1-Agree
liberia,2001112,2-Female,20,5-Some high school,97-Do not know
liberia,2001163,1-Male,35,6-Completed high school,1-Agree
liberia,2001193,2-Female,31,6-Completed high school,0-Disagree
liberia,2001162,,,,1-Agree
liberia,2001133,1-Male,39,6-Completed high school,1-Agree
liberia,2001192,1-Male,42,6-Completed high school,1-Agree
liberia,2001153,2-Female,25,3-Some junior high,1-Agree
liberia,2001152,2-Female,32,7-Some university,1-Agree
liberia,2001113,1-Male,56,88-Other,1-Agree
liberia,2001164,2-Female,50,5-Some high school,1-Agree
liberia,2001135,1-Male,32,5-Some high school,1-Agree
liberia,2002104,1-Male,23,5-Some high school,1-Agree
liberia,2002201,2-Female,29,5-Some high school,1-Agree
liberia,2004186,1-Male,32,5-Some high school,1-Agree
liberia,2004122,1-Male,52,0-None,1-Agree
liberia,2002105,2-Female,82,6-Completed high school,1-Agree
liberia,2002121,1-Male,46,8-Completed university,1-Agree
liberia,2002144,2-Female,20,3-Some junior high,0-Disagree
liberia,2004187,2-Female,50,0-None,1-Agree
liberia,2002102,2-Female,52,0-None,1-Agree
liberia,2004144,1-Male,28,6-Completed high school,1-Agree
liberia,2004185,1-Male,26,7-Some university,1-Agree
liberia,2004172,2-Female,60,5-Some high school,1-Agree
liberia,2002202,2-Female,34,0-None,1-Agree
liberia,2004145,2-Female,46,0-None,0-Disagree
liberia,2004171,2-Female,23,3-Some junior high,0-Disagree
liberia,2004123,2-Female,34,5-Some high school,1-Agree
liberia,2002103,1-Male,31,6-Completed high school,0-Disagree
liberia,2002101,1-Male,75,8-Completed university,1-Agree
liberia,2003132,2-Female,40,0-None,1-Agree
liberia,2003136,2-Female,51,0-None,1-Agree
liberia,2003114,2-Female,25,3-Some junior high,1-Agree
liberia,2003135,2-Female,36,2-Completed ABC,1-Agree
liberia,2003151,2-Female,47,3-Some junior high,1-Agree
liberia,2003134,1-Male,32,5-Some high school,1-Agree
liberia,2003131,1-Male,64,7-Some university,1-Agree
liberia,2003137,2-Female,29,6-Completed high school,97-Do not know
liberia,2003191,1-Male,21,3-Some junior high,1-Agree
liberia,2003112,2-Female,34,5-Some high school,1-Agree
liberia,2003113,2-Female,41,3-Some junior high,1-Agree
liberia,2003212,1-Male,60,4-Completed junior high,1-Agree
liberia,2003133,2-Female,41,6-Completed high school,1-Agree
liberia,2003153,1-Male,48,7-Some university,0-Disagree
liberia,2003111,1-Male,80,8-Completed university,1-Agree
liberia,2003161,1-Male,59,6-Completed high school,1-Agree
liberia,2003194,1-Male,21,6-Completed high school,1-Agree
liberia,2003193,1-Male,59,4-Completed junior high,0-Disagree
liberia,2003152,1-Male,58,8-Completed university,1-Agree
liberia,2003192,2-Female,34,7-Some university,1-Agree
liberia,2004126,1-Male,45,7-Some university,1-Agree
liberia,2004127,2-Female,26,5-Some high school,1-Agree
liberia,2004124,2-Female,35,5-Some high school,1-Agree
liberia,2004174,1-Male,60,3-Some junior high,1-Agree
liberia,2004423,2-Female,73,0-None,1-Agree
liberia,2004472,1-Male,50,7-Some university,0-Disagree
liberia,2004471,2-Female,48,0-None,0-Disagree
liberia,2004422,2-Female,29,7-Some university,1-Agree
liberia,2004146,2-Female,21,3-Some junior high,1-Agree
liberia,2004147,1-Male,52,8-Completed university,0-Disagree
liberia,2004188,2-Female,42,6-Completed high school,1-Agree
liberia,2004173,2-Female,45,0-None,1-Agree
liberia,2004485,2-Female,50,6-Completed high school,1-Agree
liberia,2004486,2-Female,20,5-Some high school,0-Disagree
liberia,2004184,2-Female,23,5-Some high school,1-Agree
liberia,2004148,2-Female,18,3-Some junior high,97-Do not know
liberia,2004201,1-Male,38,7-Some university,0-Disagree
liberia,2004149,2-Female,27,7-Some university,1-Agree
liberia,2004487,1-Male,76,3-Some junior high,1-Agree
liberia,2004125,1-Male,38,7-Some university,1-Agree
liberia,2004121,1-Male,56,88-Other,1-Agree
liberia,2004175,2-Female,23,3-Some junior high,1-Agree
liberia,2004101,2-Female,50,6-Completed high school,1-Agree
liberia,2005133,2-Female,25,5-Some high school,1-Agree
liberia,2005111,2-Female,75,0-None,1-Agree
liberia,2005151,1-Male,23,6-Completed high school,1-Agree
liberia,2005153,1-Male,27,3-Some junior high,1-Agree
liberia,2005132,1-Male,24,5-Some high school,1-Agree
liberia,2005154,1-Male,40,7-Some university,1-Agree
liberia,2005162,2-Female,28,5-Some high school,1-Agree
liberia,2005114,1-Male,46,7-Some university,0-Disagree
liberia,2005144,1-Male,27,3-Some junior high,1-Agree
liberia,2005112,2-Female,40,0-None,0-Disagree
liberia,2005193,2-Female,42,5-Some high school,1-Agree
liberia,2005131,1-Male,27,4-Completed junior high,1-Agree
liberia,2005113,2-Female,27,88-Other,0-Disagree
liberia,2005152,2-Female,27,3-Some junior high,97-Do not know
liberia,2005163,2-Female,55,0-None,1-Agree
liberia,2005191,1-Male,24,6-Completed high school,1-Agree
liberia,2005134,1-Male,24,2-Completed ABC,1-Agree
liberia,2005164,2-Female,40,3-Some junior high,1-Agree
liberia,2005194,2-Female,29,5-Some high school,0-Disagree
liberia,2005161,1-Male,34,7-Some university,1-Agree
liberia,2006153,1-Male,47,6-Completed high school,1-Agree
liberia,2006161,1-Male,45,7-Some university,1-Agree
liberia,2006193,1-Male,42,0-None,97-Do not know
liberia,2006152,2-Female,50,6-Completed high school,1-Agree
liberia,2006154,1-Male,50,3-Some junior high,1-Agree
liberia,2006192,2-Female,39,7-Some university,0-Disagree
liberia,2006191,2-Female,30,88-Other,0-Disagree
liberia,2006196,2-Female,28,6-Completed high school,1-Agree
liberia,2006194,2-Female,20,5-Some high school,1-Agree
liberia,2006114,2-Female,21,6-Completed high school,1-Agree
liberia,2006162,2-Female,31,3-Some junior high,1-Agree
liberia,2006163,2-Female,60,0-None,1-Agree
liberia,2006112,1-Male,32,7-Some university,97-Do not know
liberia,2006195,1-Male,36,8-Completed university,1-Agree
liberia,2006151,1-Male,54,6-Completed high school,1-Agree
liberia,2006132,2-Female,30,6-Completed high school,1-Agree
liberia,2006212,2-Female,36,5-Some high school,1-Agree
liberia,2006116,2-Female,65,0-None,97-Do not know
liberia,2006115,2-Female,54,5-Some high school,1-Agree
liberia,2006131,2-Female,32,0-None,97-Do not know
liberia,2006111,2-Female,41,0-None,97-Do not know
liberia,2006211,1-Male,41,5-Some high school,1-Agree
liberia,2006117,2-Female,57,2-Completed ABC,1-Agree
liberia,2006133,1-Male,80,0-None,1-Agree
liberia,2006113,2-Female,26,2-Completed ABC,97-Do not know
liberia,2007184,2-Female,40,6-Completed high school,1-Agree
liberia,2007192,2-Female,41,7-Some university,1-Agree
liberia,2007412,2-Female,48,2-Completed ABC,1-Agree
liberia,2007163,2-Female,37,6-Completed high school,1-Agree
liberia,2007151,1-Male,54,7-Some university,1-Agree
liberia,2007193,2-Female,30,6-Completed high school,1-Agree
liberia,2007132,1-Male,40,7-Some university,0-Disagree
liberia,2007452,1-Male,32,3-Some junior high,1-Agree
liberia,2007211,1-Male,22,7-Some university,1-Agree
liberia,2007101,2-Female,45,6-Completed high school,1-Agree
liberia,2007194,2-Female,27,6-Completed high school,1-Agree
liberia,2007113,1-Male,54,6-Completed high school,0-Disagree
liberia,2007161,2-Female,46,6-Completed high school,1-Agree
liberia,2007114,1-Male,52,6-Completed high school,1-Agree
liberia,2007142,1-Male,36,7-Some university,1-Agree
liberia,2007131,2-Female,32,6-Completed high school,
liberia,2007172,2-Female,34,5-Some high school,1-Agree
liberia,2007482,1-Male,52,6-Completed high school,
liberia,2007439,2-Female,33,3-Some junior high,1-Agree
liberia,2007191,2-Female,35,3-Some junior high,1-Agree
liberia,2007152,2-Female,31,4-Completed junior high,1-Agree
liberia,2007162,2-Female,34,6-Completed high school,1-Agree
liberia,2007183,1-Male,82,7-Some university,1-Agree
liberia,2007111,1-Male,42,6-Completed high school,97-Do not know
liberia,2007212,,,,1-Agree
liberia,2007182,2-Female,22,3-Some junior high,0-Disagree
liberia,2007153,1-Male,46,0-None,1-Agree
liberia,2007112,1-Male,35,4-Completed junior high,97-Do not know
liberia,2007164,1-Male,40,5-Some high school,1-Agree
liberia,2007121,2-Female,50,6-Completed high school,97-Do not know
liberia,2008121,2-Female,28,5-Some high school,0-Disagree
liberia,2008174,1-Male,70,0-None,1-Agree
liberia,2008172,2-Female,36,5-Some high school,1-Agree
liberia,2008104,1-Male,29,7-Some university,1-Agree
liberia,2008141,2-Female,36,0-None,1-Agree
liberia,2008101,2-Female,27,6-Completed high school,1-Agree
liberia,2008122,1-Male,56,6-Completed high school,1-Agree
liberia,2008173,2-Female,34,0-None,1-Agree
liberia,2008201,1-Male,38,8-Completed university,1-Agree
liberia,2008171,1-Male,26,4-Completed junior high,1-Agree
liberia,2008103,2-Female,27,5-Some high school,1-Agree
liberia,2008144,2-Female,26,6-Completed high school,1-Agree
liberia,2008142,2-Female,40,3-Some junior high,1-Agree
liberia,2008145,2-Female,25,3-Some junior high,1-Agree
liberia,2008143,2-Female,43,3-Some junior high,1-Agree
liberia,2008123,2-Female,33,6-Completed high school,1-Agree
liberia,2008181,1-Male,41,8-Completed university,
liberia,2008124,1-Male,54,6-Completed high school,1-Agree
liberia,2009154,2-Female,50,8-Completed university,1-Agree
liberia,2009212,1-Male,53,7-Some university,1-Agree
liberia,2009191,2-Female,45,7-Some university,1-Agree
liberia,2009131,2-Female,27,6-Completed high school,1-Agree
liberia,2009213,1-Male,47,6-Completed high school,1-Agree
liberia,2009111,1-Male,27,3-Some junior high,1-Agree
liberia,2009151,2-Female,30,3-Some junior high,1-Agree
liberia,2009133,2-Female,25,7-Some university,97-Do not know
liberia,2009112,1-Male,25,7-Some university,97-Do not know
liberia,2009214,2-Female,43,3-Some junior high,1-Agree
liberia,2009114,2-Female,35,2-Completed ABC,1-Agree
liberia,2009192,2-Female,30,6-Completed high school,1-Agree
liberia,2009132,1-Male,25,5-Some high school,1-Agree
liberia,2009211,2-Female,44,3-Some junior high,1-Agree
liberia,2009113,1-Male,54,7-Some university,97-Do not know
liberia,2009153,2-Female,40,3-Some junior high,1-Agree
liberia,2009193,2-Female,45,0-None,1-Agree
liberia,2009194,2-Female,29,7-Some university,1-Agree
liberia,2009152,1-Male,20,6-Completed high school,1-Agree
liberia,2009134,2-Female,26,6-Completed high school,0-Disagree
liberia,2010164,1-Male,38,5-Some high school,1-Agree
liberia,2010133,2-Female,42,2-Completed ABC,1-Agree
liberia,2010114,1-Male,50,7-Some university,1-Agree
liberia,2010132,1-Male,24,7-Some university,1-Agree
liberia,2010111,1-Male,66,3-Some junior high,97-Do not know
liberia,2010193,2-Female,21,6-Completed high school,1-Agree
liberia,2010162,2-Female,30,6-Completed high school,1-Agree
liberia,2010194,1-Male,35,5-Some high school,1-Agree
liberia,2010134,2-Female,29,0-None,1-Agree
liberia,2010163,1-Male,25,6-Completed high school,1-Agree
liberia,2010154,2-Female,23,7-Some university,1-Agree
liberia,2010112,2-Female,37,0-None,1-Agree
liberia,2010152,1-Male,30,5-Some high school,1-Agree
liberia,2010161,2-Female,29,3-Some junior high,1-Agree
liberia,2010192,2-Female,35,6-Completed high school,1-Agree
liberia,2010113,2-Female,65,0-None,1-Agree
liberia,2010191,2-Female,32,0-None,1-Agree
liberia,2010151,2-Female,25,6-Completed high school,1-Agree
liberia,2010131,1-Male,31,5-Some high school,1-Agree
liberia,2010153,2-Female,24,5-Some high school,1-Agree
liberia,2011103,2-Female,24,3-Some junior high,1-Agree
liberia,2011121,2-Female,29,6-Completed high school,1-Agree
liberia,2011104,1-Male,30,6-Completed high school,1-Agree
liberia,2011175,1-Male,45,6-Completed high school,1-Agree
liberia,2011221,1-Male,28,6-Completed high school,1-Agree
liberia,2011171,1-Male,35,6-Completed high school,1-Agree
liberia,2011202,2-Female,22,5-Some high school,97-Do not know
liberia,2011222,1-Male,43,6-Completed high school,1-Agree
liberia,2011182,2-Female,32,5-Some high school,1-Agree
liberia,2011183,1-Male,30,7-Some university,1-Agree
liberia,2011102,2-Female,32,8-Completed university,0-Disagree
liberia,2011142,2-Female,56,7-Some university,97-Do not know
liberia,2011122,1-Male,58,6-Completed high school,1-Agree
liberia,2011174,2-Female,20,4-Completed junior high,1-Agree
liberia,2011181,2-Female,29,2-Completed ABC,1-Agree
liberia,2011101,1-Male,48,88-Other,1-Agree
liberia,2011141,2-Female,38,0-None,1-Agree
liberia,2011203,1-Male,37,7-Some university,1-Agree
liberia,2011123,2-Female,58,0-None,1-Agree
liberia,2011173,,,,1-Agree
liberia,2011172,1-Male,59,3-Some junior high,1-Agree
liberia,2011201,2-Female,21,7-Some university,1-Agree
liberia,2011223,1-Male,22,5-Some high school,1-Agree
liberia,2012154,1-Male,38,5-Some high school,1-Agree
liberia,2012223,1-Male,22,6-Completed high school,1-Agree
liberia,2012116,1-Male,47,7-Some university,1-Agree
liberia,2012113,1-Male,69,6-Completed high school,1-Agree
liberia,2012164,1-Male,46,8-Completed university,1-Agree
liberia,2012212,1-Male,29,5-Some high school,1-Agree
liberia,2012112,2-Female,40,5-Some high school,1-Agree
liberia,2012163,2-Female,44,2-Completed ABC,1-Agree
liberia,2012152,1-Male,25,5-Some high school,1-Agree
liberia,2012151,1-Male,56,3-Some junior high,1-Agree
liberia,2012111,2-Female,43,2-Completed ABC,97-Do not know
liberia,2012213,2-Female,47,8-Completed university,1-Agree
liberia,2012161,1-Male,45,5-Some high school,1-Agree
liberia,2012162,2-Female,25,5-Some high school,1-Agree
liberia,2012153,2-Female,80,0-None,1-Agree
liberia,2012114,1-Male,39,5-Some high school,1-Agree
liberia,2012115,2-Female,25,6-Completed high school,1-Agree
liberia,2012214,1-Male,48,6-Completed high school,1-Agree
liberia,2012222,1-Male,24,6-Completed high school,1-Agree
liberia,2012211,1-Male,44,7-Some university,1-Agree
liberia,2012166,2-Female,33,2-Completed ABC,1-Agree
liberia,2012165,1-Male,23,6-Completed high school,1-Agree
liberia,2012221,1-Male,39,7-Some university,1-Agree
liberia,2013112,2-Female,22,5-Some high school,1-Agree
liberia,2013133,2-Female,51,0-None,1-Agree
liberia,2013192,1-Male,34,5-Some high school,0-Disagree
liberia,2013111,2-Female,19,5-Some high school,1-Agree
liberia,2013195,2-Female,33,5-Some high school,0-Disagree
liberia,2013153,2-Female,36,0-None,1-Agree
liberia,2013132,2-Female,48,1-Some ABC,1-Agree
liberia,2013193,1-Male,50,5-Some high school,0-Disagree
liberia,2013152,1-Male,27,6-Completed high school,1-Agree
liberia,2013154,1-Male,60,6-Completed high school,1-Agree
liberia,2013131,1-Male,45,7-Some university,1-Agree
liberia,2013191,2-Female,18,6-Completed high school,1-Agree
liberia,2013194,2-Female,24,6-Completed high school,1-Agree
liberia,2013151,1-Male,26,5-Some high school,1-Agree
liberia,2014183,1-Male,24,6-Completed high school,1-Agree
liberia,2014181,1-Male,43,7-Some university,1-Agree
liberia,2014101,1-Male,27,6-Completed high school,1-Agree
liberia,2014184,1-Male,24,5-Some high school,1-Agree
liberia,2014172,1-Male,33,4-Completed junior high,1-Agree
liberia,2014173,1-Male,52,88-Other,0-Disagree
liberia,2014202,2-Female,29,3-Some junior high,97-Do not know
liberia,2014124,1-Male,36,6-Completed high school,1-Agree
liberia,2014175,1-Male,47,6-Completed high school,1-Agree
liberia,2024185,2-Female,48,5-Some high school,1-Agree
liberia,2014141,1-Male,35,7-Some university,1-Agree
liberia,2014142,1-Male,19,5-Some high school,1-Agree
liberia,2014182,1-Male,52,7-Some university,1-Agree
liberia,2014201,2-Female,82,6-Completed high school,1-Agree
liberia,2014174,,,,97-Do not know
liberia,2014123,1-Male,38,6-Completed high school,0-Disagree
liberia,2014171,1-Male,43,0-None,1-Agree
liberia,2014122,2-Female,60,0-None,1-Agree
liberia,2014103,1-Male,31,8-Completed university,1-Agree
liberia,2014102,2-Female,27,3-Some junior high,1-Agree
liberia,2014121,1-Male,36,6-Completed high school,1-Agree
liberia,2015204,2-Female,31,5-Some high school,1-Agree
liberia,2015207,2-Female,37,7-Some university,1-Agree
liberia,2015143,1-Male,72,8-Completed university,97-Do not know
liberia,2015175,2-Female,24,6-Completed high school,1-Agree
liberia,2015145,1-Male,24,6-Completed high school,1-Agree
liberia,2015205,1-Male,35,6-Completed high school,1-Agree
liberia,2015178,2-Female,25,0-None,1-Agree
liberia,2015141,1-Male,23,7-Some university,1-Agree
liberia,2015144,2-Female,28,5-Some high school,1-Agree
liberia,2015171,1-Male,26,5-Some high school,1-Agree
liberia,2015202,2-Female,48,7-Some university,1-Agree
liberia,2015201,1-Male,64,6-Completed high school,1-Agree
liberia,2015177,2-Female,50,6-Completed high school,1-Agree
liberia,2015142,1-Male,52,5-Some high school,1-Agree
liberia,2015206,2-Female,32,5-Some high school,97-Do not know
liberia,2015172,1-Male,47,7-Some university,1-Agree
liberia,2015173,2-Female,22,0-None,97-Do not know
liberia,2015174,1-Male,20,3-Some junior high,1-Agree
liberia,2015176,2-Female,41,3-Some junior high,1-Agree
liberia,2015203,2-Female,66,2-Completed ABC,97-Do not know
liberia,2016185,2-Female,40,5-Some high school,1-Agree
liberia,2016101,2-Female,25,5-Some high school,1-Agree
liberia,2016125,1-Male,28,6-Completed high school,1-Agree
liberia,2016105,2-Female,51,1-Some ABC,1-Agree
liberia,2016183,1-Male,21,6-Completed high school,1-Agree
liberia,2016127,1-Male,59,6-Completed high school,0-Disagree
liberia,2016123,2-Female,32,0-None,1-Agree
liberia,2016126,2-Female,26,7-Some university,97-Do not know
liberia,2016182,2-Female,25,5-Some high school,1-Agree
liberia,2016181,1-Male,28,6-Completed high school,1-Agree
liberia,2016124,2-Female,39,7-Some university,97-Do not know
liberia,2016184,1-Male,42,0-None,1-Agree
liberia,2016103,2-Female,39,0-None,1-Agree
liberia,2016122,1-Male,25,7-Some university,1-Agree
liberia,2016186,1-Male,60,7-Some university,1-Agree
liberia,2016102,1-Male,36,7-Some university,1-Agree
liberia,2016106,1-Male,29,3-Some junior high,1-Agree
liberia,2016187,1-Male,18,3-Some junior high,1-Agree
liberia,2016104,1-Male,27,7-Some university,1-Agree
liberia,2016121,2-Female,35,7-Some university,1-Agree
liberia,2017171,1-Male,45,6-Completed high school,1-Agree
liberia,2017203,1-Male,18,5-Some high school,1-Agree
liberia,2017103,2-Female,30,6-Completed high school,1-Agree
liberia,2017183,2-Female,27,7-Some university,1-Agree
liberia,2017104,1-Male,29,7-Some university,1-Agree
liberia,2017201,2-Female,26,4-Completed junior high,97-Do not know
liberia,2017175,1-Male,27,8-Completed university,97-Do not know
liberia,2017176,2-Female,40,1-Some ABC,97-Do not know
liberia,2017204,1-Male,77,0-None,1-Agree
liberia,2017182,2-Female,35,5-Some high school,1-Agree
liberia,2017184,2-Female,28,7-Some university,1-Agree
liberia,2017102,2-Female,38,6-Completed high school,1-Agree
liberia,2017,1-Male,29,7-Some university,1-Agree
liberia,2017173,2-Female,26,3-Some junior high,97-Do not know
liberia,2017185,1-Male,34,7-Some university,1-Agree
liberia,2017101,1-Male,35,7-Some university,1-Agree
liberia,2017202,1-Male,22,5-Some high school,1-Agree
liberia,2017105,1-Male,19,5-Some high school,0-Disagree
liberia,2017172,2-Female,20,1-Some ABC,97-Do not know
liberia,2017174,2-Female,23,5-Some high school,1-Agree
liberia,2017205,2-Female,23,0-None,97-Do not know
liberia,2018172,1-Male,28,7-Some university,1-Agree
liberia,2018175,2-Female,35,1-Some ABC,1-Agree
liberia,2018127,1-Male,25,7-Some university,1-Agree
liberia,2018145,1-Male,44,6-Completed high school,1-Agree
liberia,2018171,1-Male,42,7-Some university,1-Agree
liberia,2018176,2-Female,21,5-Some high school,1-Agree
liberia,2018122,2-Female,35,8-Completed university,97-Do not know
liberia,2018177,1-Male,39,6-Completed high school,1-Agree
liberia,2018174,2-Female,25,6-Completed high school,1-Agree
liberia,2018123,1-Male,23,5-Some high school,1-Agree
liberia,2018126,1-Male,27,7-Some university,1-Agree
liberia,2018125,1-Male,20,5-Some high school,1-Agree
liberia,2018143,1-Male,64,3-Some junior high,0-Disagree
liberia,2018124,2-Female,43,0-None,1-Agree
liberia,2018121,2-Female,32,5-Some high school,1-Agree
liberia,2018173,1-Male,28,3-Some junior high,1-Agree
liberia,2018178,1-Male,33,7-Some university,1-Agree
liberia,2018144,1-Male,51,6-Completed high school,1-Agree
liberia,2019151,1-Male,32,6-Completed high school,1-Agree
liberia,2019154,2-Female,25,2-Completed ABC,1-Agree
liberia,2019111,2-Female,32,6-Completed high school,1-Agree
liberia,2019162,1-Male,24,6-Completed high school,1-Agree
liberia,2019161,1-Male,26,6-Completed high school,1-Agree
liberia,2019112,2-Female,23,2-Completed ABC,97-Do not know
liberia,2019193,2-Female,50,0-None,
liberia,2019164,2-Female,28,2-Completed ABC,1-Agree
liberia,2019132,1-Male,54,3-Some junior high,1-Agree
liberia,2019131,2-Female,28,6-Completed high school,1-Agree
liberia,2019192,2-Female,24,4-Completed junior high,1-Agree
liberia,2019163,2-Female,43,3-Some junior high,1-Agree
liberia,2019152,2-Female,39,0-None,1-Agree
liberia,2019153,2-Female,30,0-None,1-Agree
liberia,2019113,2-Female,19,3-Some junior high,1-Agree
liberia,2019133,1-Male,38,6-Completed high school,1-Agree
liberia,2019191,2-Female,27,0-None,1-Agree
liberia,2019134,1-Male,64,0-None,1-Agree
liberia,2019194,2-Female,24,6-Completed high school,1-Agree
liberia,2019114,2-Female,30,3-Some junior high,1-Agree
liberia,2020131,2-Female,58,2-Completed ABC,1-Agree
liberia,2020152,1-Male,40,6-Completed high school,1-Agree
liberia,2020191,1-Male,43,6-Completed high school,1-Agree
liberia,2020113,2-Female,27,0-None,1-Agree
liberia,2020112,2-Female,33,2-Completed ABC,1-Agree
liberia,2020134,2-Female,37,6-Completed high school,1-Agree
liberia,2020192,1-Male,33,0-None,1-Agree
liberia,2020213,1-Male,55,7-Some university,1-Agree
liberia,2020461,1-Male,52,7-Some university,1-Agree
liberia,2020212,1-Male,32,6-Completed high school,1-Agree
liberia,2020211,1-Male,42,5-Some high school,1-Agree
liberia,2020133,2-Female,39,2-Completed ABC,1-Agree
liberia,2020193,1-Male,38,6-Completed high school,1-Agree
liberia,2020194,2-Female,50,6-Completed high school,1-Agree
liberia,2020154,1-Male,33,3-Some junior high,1-Agree
liberia,2020161,1-Male,18,5-Some high school,1-Agree
liberia,2020111,1-Male,34,6-Completed high school,97-Do not know
liberia,2020132,2-Female,28,0-None,1-Agree
liberia,2020114,2-Female,30,2-Completed ABC,1-Agree
liberia,2020151,1-Male,52,2-Completed ABC,1-Agree
liberia,2020153,1-Male,44,3-Some junior high,1-Agree
liberia,2021162,1-Male,27,7-Some university,1-Agree
liberia,2021213,1-Male,40,6-Completed high school,1-Agree
liberia,2021164,2-Female,26,5-Some high school,1-Agree
liberia,2021212,2-Female,34,2-Completed ABC,1-Agree
liberia,2021152,2-Female,39,6-Completed high school,1-Agree
liberia,2021194,2-Female,32,6-Completed high school,1-Agree
liberia,2021165,1-Male,32,3-Some junior high,1-Agree
liberia,2021211,2-Female,34,5-Some high school,1-Agree
liberia,2021195,2-Female,24,5-Some high school,1-Agree
liberia,2021134,2-Female,35,2-Completed ABC,1-Agree
liberia,2021193,2-Female,49,0-None,1-Agree
liberia,2021192,1-Male,43,6-Completed high school,1-Agree
liberia,202112,2-Female,23,3-Some junior high,1-Agree
liberia,2021151,1-Male,43,3-Some junior high,1-Agree
liberia,2021131,2-Female,49,0-None,1-Agree
liberia,2021196,1-Male,43,6-Completed high school,1-Agree
liberia,2021161,2-Female,23,0-None,1-Agree
liberia,2021191,2-Female,40,1-Some ABC,1-Agree
liberia,2021163,1-Male,42,6-Completed high school,1-Agree
liberia,2021133,2-Female,42,6-Completed high school,1-Agree
liberia,2022112,2-Female,35,3-Some junior high,1-Agree
liberia,2022192,2-Female,56,0-None,1-Agree
liberia,2022153,1-Male,39,6-Completed high school,1-Agree
liberia,2022152,2-Female,25,6-Completed high school,1-Agree
liberia,2022,1-Male,31,5-Some high school,1-Agree
liberia,2022111,1-Male,19,5-Some high school,97-Do not know
liberia,2022113,2-Female,20,5-Some high school,1-Agree
liberia,2022193,2-Female,41,0-None,1-Agree
liberia,2022211,1-Male,40,3-Some junior high,1-Agree
liberia,2022162,2-Female,29,7-Some university,1-Agree
liberia,2022114,2-Female,37,2-Completed ABC,1-Agree
liberia,2022151,2-Female,35,2-Completed ABC,1-Agree
liberia,2022132,1-Male,48,6-Completed high school,1-Agree
liberia,2022134,1-Male,35,7-Some university,1-Agree
liberia,2022161,1-Male,26,7-Some university,1-Agree
liberia,2022131,1-Male,42,3-Some junior high,1-Agree
liberia,2022133,1-Male,44,6-Completed high school,1-Agree
liberia,2022194,1-Male,35,0-None,1-Agree
liberia,2022212,2-Female,23,3-Some junior high,1-Agree
liberia,2022163,2-Female,30,5-Some high school,1-Agree
liberia,2023111,2-Female,45,1-Some ABC,1-Agree
liberia,2023133,2-Female,40,2-Completed ABC,1-Agree
liberia,2023214,2-Female,54,6-Completed high school,1-Agree
liberia,2023132,2-Female,24,6-Completed high school,1-Agree
liberia,2023213,2-Female,25,0-None,1-Agree
liberia,2023194,2-Female,40,0-None,1-Agree
liberia,2023192,2-Female,30,7-Some university,1-Agree
liberia,2023193,2-Female,27,3-Some junior high,1-Agree
liberia,2023112,1-Male,58,5-Some high school,97-Do not know
liberia,2023161,2-Female,23,6-Completed high school,1-Agree
liberia,2023212,1-Male,38,7-Some university,1-Agree
liberia,2023152,1-Male,26,6-Completed high school,1-Agree
liberia,2023113,2-Female,29,0-None,97-Do not know
liberia,2023191,1-Male,33,7-Some university,1-Agree
liberia,2023114,2-Female,26,7-Some university,1-Agree
liberia,2023153,1-Male,52,5-Some high school,1-Agree
liberia,2023131,2-Female,45,3-Some junior high,1-Agree
liberia,2023162,2-Female,46,0-None,1-Agree
liberia,2023151,1-Male,35,8-Completed university,1-Agree
liberia,2023211,1-Male,60,7-Some university,1-Agree
liberia,2024105,1-Male,39,5-Some high school,1-Agree
liberia,2024104,1-Male,26,6-Completed high school,97-Do not know
liberia,2024181,1-Male,30,2-Completed ABC,1-Agree
liberia,2024102,2-Female,25,6-Completed high school,0-Disagree
liberia,2024184,1-Male,36,6-Completed high school,1-Agree
liberia,2024175,2-Female,32,0-None,97-Do not know
liberia,2024201,2-Female,47,0-None,97-Do not know
liberia,2024202,2-Female,32,2-Completed ABC,97-Do not know
liberia,2024182,1-Male,22,6-Completed high school,1-Agree
liberia,2024101,2-Female,41,5-Some high school,1-Agree
liberia,2024204,2-Female,26,0-None,97-Do not know
liberia,2024103,2-Female,28,6-Completed high school,0-Disagree
liberia,2024203,2-Female,22,6-Completed high school,97-Do not know
liberia,2024173,1-Male,41,6-Completed high school,1-Agree
liberia,2024183,1-Male,29,6-Completed high school,1-Agree
liberia,2024172,2-Female,24,6-Completed high school,1-Agree
liberia,2024171,1-Male,56,6-Completed high school,1-Agree
liberia,2024176,1-Male,42,7-Some university,1-Agree
liberia,2024174,1-Male,45,3-Some junior high,1-Agree
liberia,2025128,2-Female,23,5-Some high school,1-Agree
liberia,2025143,1-Male,49,6-Completed high school,1-Agree
liberia,2025141,2-Female,39,3-Some junior high,1-Agree
liberia,2025181,1-Male,25,6-Completed high school,1-Agree
liberia,2025201,2-Female,23,5-Some high school,97-Do not know
liberia,2025101,1-Male,32,4-Completed junior high,1-Agree
liberia,2025142,2-Female,35,2-Completed ABC,0-Disagree
liberia,2025122,2-Female,40,0-None,1-Agree
liberia,2025124,2-Female,49,0-None,1-Agree
liberia,2025125,1-Male,71,4-Completed junior high,1-Agree
liberia,2025126,2-Female,34,6-Completed high school,0-Disagree
liberia,2025127,2-Female,35,2-Completed ABC,1-Agree
liberia,2025121,2-Female,29,4-Completed junior high,1-Agree
liberia,2025145,1-Male,32,0-None,0-Disagree
liberia,2025102,1-Male,26,7-Some university,1-Agree
liberia,2025171,1-Male,42,6-Completed high school,1-Agree
liberia,2025123,1-Male,28,5-Some high school,1-Agree
liberia,2025144,2-Female,28,3-Some junior high,1-Agree
liberia,2025202,1-Male,27,6-Completed high school,1-Agree
liberia,2026101,1-Male,44,6-Completed high school,1-Agree
liberia,2026141,1-Male,22,6-Completed high school,1-Agree
liberia,2026129,1-Male,68,5-Some high school,1-Agree
liberia,2026128,2-Female,48,6-Completed high school,1-Agree
liberia,2026143,1-Male,51,6-Completed high school,1-Agree
liberia,2026122,2-Female,24,0-None,1-Agree
liberia,2026172,1-Male,36,0-None,1-Agree
liberia,2026142,2-Female,41,0-None,1-Agree
liberia,2026201,2-Female,31,6-Completed high school,97-Do not know
liberia,2026123,1-Male,45,8-Completed university,1-Agree
liberia,2026126,1-Male,42,6-Completed high school,1-Agree
liberia,2026202,2-Female,46,2-Completed ABC,97-Do not know
liberia,2026144,1-Male,25,5-Some high school,1-Agree
liberia,2026125,1-Male,27,3-Some junior high,1-Agree
liberia,2026124,2-Female,24,6-Completed high school,1-Agree
liberia,2026181,2-Female,20,3-Some junior high,0-Disagree
liberia,2026121,2-Female,28,6-Completed high school,1-Agree
liberia,2026127,2-Female,35,0-None,1-Agree
liberia,2026171,1-Male,33,7-Some university,1-Agree
liberia,2026102,1-Male,20,6-Completed high school,1-Agree
liberia,2027173,2-Female,43,7-Some university,0-Disagree
liberia,2027124,1-Male,47,7-Some university,1-Agree
liberia,2027175,1-Male,32,6-Completed high school,97-Do not know
liberia,2027122,2-Female,46,5-Some high school,1-Agree
liberia,2027121,1-Male,31,7-Some university,1-Agree
liberia,2027123,2-Female,45,6-Completed high school,
liberia,2027125,1-Male,38,8-Completed university,1-Agree
liberia,2027174,1-Male,24,6-Completed high school,1-Agree
liberia,2027203,2-Female,25,6-Completed high school,1-Agree
liberia,2027183,2-Female,26,7-Some university,1-Agree
liberia,2027182,1-Male,18,6-Completed high school,1-Agree
liberia,2027204,2-Female,22,3-Some junior high,97-Do not know
liberia,2027202,2-Female,44,0-None,97-Do not know
liberia,2027201,2-Female,25,6-Completed high school,1-Agree
liberia,2027181,1-Male,27,5-Some high school,1-Agree
liberia,2027101,2-Female,26,1-Some ABC,1-Agree
liberia,2027172,1-Male,20,5-Some high school,1-Agree
liberia,2027171,1-Male,33,6-Completed high school,97-Do not know
liberia,2027102,1-Male,75,4-Completed junior high,1-Agree
liberia,2027103,2-Female,45,5-Some high school,1-Agree
liberia,2028155,2-Female,56,2-Completed ABC,1-Agree
liberia,2028151,2-Female,19,2-Completed ABC,1-Agree
liberia,2028161,1-Male,40,4-Completed junior high,1-Agree
liberia,2028164,1-Male,43,6-Completed high school,1-Agree
liberia,2028153,1-Male,39,0-None,1-Agree
liberia,2028113,2-Female,54,2-Completed ABC,1-Agree
liberia,2028131,2-Female,24,3-Some junior high,1-Agree
liberia,2028194,2-Female,47,0-None,1-Agree
liberia,2020163,2-Female,36,2-Completed ABC,1-Agree
liberia,2028114,1-Male,23,6-Completed high school,1-Agree
liberia,2028192,2-Female,28,3-Some junior high,1-Agree
liberia,2028111,1-Male,35,2-Completed ABC,1-Agree
liberia,2028191,2-Female,22,3-Some junior high,0-Disagree
liberia,2028112,2-Female,60,6-Completed high school,1-Agree
liberia,2028193,2-Female,28,6-Completed high school,1-Agree
liberia,2028162,2-Female,23,3-Some junior high,1-Agree
liberia,2028133,2-Female,20,2-Completed ABC,1-Agree
liberia,2028132,1-Male,21,5-Some high school,1-Agree
liberia,2028154,2-Female,46,3-Some junior high,1-Agree
liberia,2028134,2-Female,50,5-Some high school,1-Agree
liberia,2029104,2-Female,34,7-Some university,1-Agree
liberia,2029185,1-Male,46,6-Completed high school,1-Agree
liberia,2029201,1-Male,40,7-Some university,1-Agree
liberia,2029203,2-Female,36,6-Completed high school,97-Do not know
liberia,2029205,1-Male,56,7-Some university,1-Agree
liberia,2029106,2-Female,28,7-Some university,1-Agree
liberia,2029101,2-Female,22,6-Completed high school,97-Do not know
liberia,2029202,2-Female,45,0-None,1-Agree
liberia,2029182,2-Female,20,6-Completed high school,1-Agree
liberia,2029204,1-Male,37,6-Completed high school,97-Do not know
liberia,2029187,2-Female,56,0-None,1-Agree
liberia,2029186,2-Female,23,5-Some high school,1-Agree
liberia,2029188,1-Male,44,5-Some high school,1-Agree
liberia,2029206,1-Male,31,6-Completed high school,1-Agree
liberia,2029102,1-Male,37,6-Completed high school,1-Agree
liberia,2029181,1-Male,31,7-Some university,1-Agree
liberia,2029184,2-Female,31,6-Completed high school,1-Agree
liberia,2029103,2-Female,43,7-Some university,1-Agree
liberia,2029105,1-Male,21,5-Some high school,1-Agree
liberia,2030111,2-Female,23,7-Some university,97-Do not know
liberia,2030213,1-Male,39,6-Completed high school,1-Agree
liberia,2039177,1-Male,70,0-None,1-Agree
liberia,2030161,1-Male,35,6-Completed high school,1-Agree
liberia,2030116,2-Female,37,0-None,97-Do not know
liberia,2030211,2-Female,29,7-Some university,1-Agree
liberia,2030171,2-Female,42,6-Completed high school,97-Do not know
liberia,2030151,2-Female,34,0-None,1-Agree
liberia,2030114,2-Female,28,6-Completed high school,1-Agree
liberia,2030155,1-Male,21,5-Some high school,1-Agree
liberia,2030192,2-Female,40,8-Completed university,1-Agree
liberia,2030162,1-Male,29,5-Some high school,1-Agree
liberia,2030112,2-Female,20,5-Some high school,97-Do not know
liberia,2030132,2-Female,35,2-Completed ABC,1-Agree
liberia,2030153,1-Male,27,8-Completed university,1-Agree
liberia,2030154,2-Female,72,3-Some junior high,1-Agree
liberia,2030212,2-Female,49,3-Some junior high,1-Agree
liberia,2030152,1-Male,24,5-Some high school,1-Agree
liberia,2030131,1-Male,40,7-Some university,1-Agree
liberia,2030191,1-Male,41,6-Completed high school,1-Agree
liberia,2030113,2-Female,26,2-Completed ABC,1-Agree
liberia,2030115,1-Male,45,5-Some high school,1-Agree
liberia,2031211,2-Female,58,6-Completed high school,0-Disagree
liberia,2031164,1-Male,56,8-Completed university,1-Agree
liberia,2031134,2-Female,29,6-Completed high school,1-Agree
liberia,2031192,1-Male,20,5-Some high school,1-Agree
liberia,2031151,2-Female,22,7-Some university,1-Agree
liberia,2031112,1-Male,28,7-Some university,1-Agree
liberia,2031161,2-Female,24,5-Some high school,1-Agree
liberia,2031163,1-Male,31,88-Other,1-Agree
liberia,2031212,2-Female,32,2-Completed ABC,1-Agree
liberia,2031153,1-Male,25,2-Completed ABC,1-Agree
liberia,2031113,2-Female,30,7-Some university,1-Agree
liberia,2031133,2-Female,32,3-Some junior high,1-Agree
liberia,2031191,1-Male,43,0-None,1-Agree
liberia,2031114,1-Male,58,3-Some junior high,1-Agree
liberia,2031132,1-Male,44,6-Completed high school,1-Agree
liberia,2031162,1-Male,43,6-Completed high school,1-Agree
liberia,2031152,1-Male,38,7-Some university,0-Disagree
liberia,2031111,2-Female,27,6-Completed high school,97-Do not know
liberia,2031193,2-Female,42,0-None,1-Agree
liberia,2032122,1-Male,46,7-Some university,0-Disagree
liberia,2032124,1-Male,31,7-Some university,1-Agree
liberia,2032184,1-Male,44,88-Other,1-Agree
liberia,2032143,1-Male,70,0-None,1-Agree
liberia,2032183,1-Male,61,2-Completed ABC,1-Agree
liberia,2032102,1-Male,36,3-Some junior high,1-Agree
liberia,2032104,2-Female,41,3-Some junior high,1-Agree
liberia,2032123,2-Female,30,0-None,1-Agree
liberia,2032125,2-Female,24,6-Completed high school,1-Agree
liberia,2032101,2-Female,46,0-None,1-Agree
liberia,2032103,2-Female,48,0-None,1-Agree
liberia,2032121,1-Male,34,7-Some university,1-Agree
liberia,2032105,1-Male,20,5-Some high school,1-Agree
liberia,2032141,2-Female,20,6-Completed high school,1-Agree
liberia,2032201,2-Female,31,6-Completed high school,1-Agree
liberia,2032181,1-Male,33,7-Some university,1-Agree
liberia,2032202,1-Male,62,6-Completed high school,97-Do not know
liberia,2032182,2-Female,52,4-Completed junior high,1-Agree
liberia,2032142,2-Female,32,88-Other,1-Agree
liberia,2033192,2-Female,30,6-Completed high school,0-Disagree
liberia,2033111,1-Male,70,2-Completed ABC,1-Agree
liberia,2033214,2-Female,39,4-Completed junior high,1-Agree
liberia,2033191,2-Female,21,5-Some high school,1-Agree
liberia,2033155,1-Male,21,5-Some high school,1-Agree
liberia,2033153,1-Male,26,5-Some high school,1-Agree
liberia,2033211,1-Male,30,7-Some university,1-Agree
liberia,2033131,1-Male,62,6-Completed high school,0-Disagree
liberia,2033213,2-Female,23,7-Some university,1-Agree
liberia,2033161,2-Female,41,6-Completed high school,1-Agree
liberia,2033156,1-Male,22,5-Some high school,1-Agree
liberia,2033154,2-Female,20,5-Some high school,1-Agree
liberia,2033212,1-Male,65,7-Some university,1-Agree
liberia,2033113,1-Male,47,6-Completed high school,1-Agree
liberia,2033162,2-Female,22,6-Completed high school,1-Agree
liberia,2033112,2-Female,29,5-Some high school,0-Disagree
liberia,2033151,1-Male,70,3-Some junior high,1-Agree
liberia,2033132,2-Female,39,6-Completed high school,1-Agree
liberia,2033193,2-Female,30,6-Completed high school,1-Agree
liberia,2033152,2-Female,34,3-Some junior high,1-Agree
liberia,2033133,2-Female,40,6-Completed high school,1-Agree
liberia,2034141,1-Male,68,5-Some high school,1-Agree
liberia,2034142,1-Male,74,2-Completed ABC,1-Agree
liberia,2034101,1-Male,29,6-Completed high school,1-Agree
liberia,2034185,1-Male,20,3-Some junior high,1-Agree
liberia,2034184,2-Female,45,0-None,1-Agree
liberia,2034105,1-Male,35,5-Some high school,1-Agree
liberia,2034144,1-Male,38,3-Some junior high,1-Agree
liberia,2034174,2-Female,22,0-None,97-Do not know
liberia,2034172,1-Male,22,5-Some high school,1-Agree
liberia,2034103,2-Female,42,0-None,1-Agree
liberia,2034223,1-Male,26,6-Completed high school,1-Agree
liberia,2034182,1-Male,23,7-Some university,1-Agree
liberia,2034102,1-Male,35,4-Completed junior high,1-Agree
liberia,2034175,1-Male,35,7-Some university,1-Agree
liberia,2034171,1-Male,21,5-Some high school,0-Disagree
liberia,2034222,1-Male,30,88-Other,1-Agree
liberia,2034173,1-Male,42,7-Some university,1-Agree
liberia,2034221,1-Male,31,88-Other,1-Agree
liberia,2034183,2-Female,24,3-Some junior high,1-Agree
liberia,2034186,1-Male,29,88-Other,1-Agree
liberia,2034181,2-Female,18,3-Some junior high,1-Agree
liberia,2034104,2-Female,40,0-None,1-Agree
liberia,2035141,1-Male,57,8-Completed university,1-Agree
liberia,2035172,2-Female,35,2-Completed ABC,1-Agree
liberia,2035143,1-Male,51,6-Completed high school,0-Disagree
liberia,2035201,2-Female,33,3-Some junior high,1-Agree
liberia,2035101,1-Male,33,3-Some junior high,1-Agree
liberia,2035121,1-Male,37,7-Some university,1-Agree
liberia,2035223,1-Male,34,0-None,1-Agree
liberia,2035142,2-Female,40,88-Other,1-Agree
liberia,2035124,2-Female,39,6-Completed high school,1-Agree
liberia,2035123,2-Female,49,1-Some ABC,1-Agree
liberia,2035222,1-Male,22,6-Completed high school,1-Agree
liberia,2035173,2-Female,39,6-Completed high school,1-Agree
liberia,2035174,2-Female,32,6-Completed high school,1-Agree
liberia,2035122,2-Female,47,3-Some junior high,1-Agree
liberia,2035171,1-Male,54,0-None,0-Disagree
liberia,2036183,2-Female,44,2-Completed ABC,1-Agree
liberia,2036181,1-Male,26,7-Some university,1-Agree
liberia,2036182,2-Female,52,2-Completed ABC,1-Agree
liberia,2036142,2-Female,25,6-Completed high school,1-Agree
liberia,2036121,2-Female,26,7-Some university,1-Agree
liberia,2036175,2-Female,45,0-None,1-Agree
liberia,2036102,2-Female,47,3-Some junior high,1-Agree
liberia,2036123,2-Female,34,6-Completed high school,97-Do not know
liberia,2036143,1-Male,34,8-Completed university,1-Agree
liberia,2036104,2-Female,53,0-None,0-Disagree
liberia,2036184,,,,1-Agree
liberia,2036174,1-Male,42,6-Completed high school,
liberia,2036171,2-Female,23,0-None,1-Agree
liberia,2036122,2-Female,19,6-Completed high school,1-Agree
liberia,2036124,2-Female,20,5-Some high school,1-Agree
liberia,2036172,1-Male,19,5-Some high school,1-Agree
liberia,2036141,1-Male,52,6-Completed high school,1-Agree
liberia,2036103,1-Male,61,6-Completed high school,1-Agree
liberia,2036173,1-Male,20,4-Completed junior high,1-Agree
liberia,2037191,1-Male,38,7-Some university,1-Agree
liberia,2037161,2-Female,43,2-Completed ABC,1-Agree
liberia,2037115,2-Female,23,2-Completed ABC,1-Agree
liberia,2037112,2-Female,30,3-Some junior high,1-Agree
liberia,2037114,1-Male,45,7-Some university,1-Agree
liberia,2037131,2-Female,23,6-Completed high school,1-Agree
liberia,2037135,1-Male,53,6-Completed high school,1-Agree
liberia,2037132,1-Male,40,7-Some university,1-Agree
liberia,2037193,2-Female,38,6-Completed high school,1-Agree
liberia,2037111,1-Male,33,6-Completed high school,1-Agree
liberia,2037192,2-Female,29,7-Some university,1-Agree
liberia,2037134,1-Male,20,5-Some high school,1-Agree
liberia,2037164,2-Female,34,7-Some university,1-Agree
liberia,2037162,1-Male,38,7-Some university,1-Agree
liberia,2037133,2-Female,28,6-Completed high school,1-Agree
liberia,2037195,2-Female,27,7-Some university,1-Agree
liberia,2037113,2-Female,53,6-Completed high school,1-Agree
liberia,2037163,2-Female,40,2-Completed ABC,1-Agree
liberia,2037165,2-Female,22,6-Completed high school,1-Agree
liberia,2037194,2-Female,30,7-Some university,1-Agree
liberia,2038101,2-Female,48,0-None,0-Disagree
liberia,2038124,1-Male,45,7-Some university,0-Disagree
liberia,2038123,1-Male,24,6-Completed high school,1-Agree
liberia,2038171,2-Female,43,0-None,1-Agree
liberia,2038127,2-Female,20,5-Some high school,1-Agree
liberia,2038125,1-Male,26,7-Some university,1-Agree
liberia,2038202,1-Male,39,3-Some junior high,1-Agree
liberia,2038204,2-Female,34,6-Completed high school,97-Do not know
liberia,2038182,2-Female,36,88-Other,1-Agree
liberia,2038126,1-Male,44,7-Some university,0-Disagree
liberia,2038102,2-Female,32,0-None,0-Disagree
liberia,2038172,2-Female,53,2-Completed ABC,1-Agree
liberia,2038122,2-Female,52,0-None,1-Agree
liberia,2038181,1-Male,51,7-Some university,1-Agree
liberia,2038203,2-Female,44,3-Some junior high,97-Do not know
liberia,2038142,2-Female,35,8-Completed university,1-Agree
liberia,2038141,2-Female,45,2-Completed ABC,1-Agree
liberia,2038201,1-Male,28,7-Some university,1-Agree
liberia,2039128,1-Male,44,7-Some university,1-Agree
liberia,2039127,1-Male,30,0-None,1-Agree
liberia,2039123,2-Female,26,3-Some junior high,1-Agree
liberia,2039124,1-Male,66,6-Completed high school,1-Agree
liberia,2039121,1-Male,47,8-Completed university,0-Disagree
liberia,2038121,2-Female,30,0-None,1-Agree
liberia,2039141,2-Female,26,6-Completed high school,1-Agree
liberia,2039174,1-Male,28,7-Some university,1-Agree
liberia,2039144,2-Female,37,6-Completed high school,1-Agree
liberia,2039171,2-Female,35,5-Some high school,1-Agree
liberia,2039172,1-Male,28,7-Some university,1-Agree
liberia,2039173,2-Female,40,3-Some junior high,1-Agree
liberia,2039126,2-Female,41,0-None,1-Agree
liberia,2039143,1-Male,47,6-Completed high school,1-Agree
liberia,2039142,1-Male,45,6-Completed high school,1-Agree
liberia,2039175,1-Male,28,6-Completed high school,1-Agree
liberia,2039125,1-Male,27,6-Completed high school,1-Agree
liberia,2039176,1-Male,20,5-Some high school,1-Agree
liberia,2039122,1-Male,31,7-Some university,1-Agree
liberia,2039145,2-Female,34,5-Some high school,1-Agree
liberia,2040201,1-Male,22,5-Some high school,1-Agree
liberia,2040101,2-Female,31,7-Some university,1-Agree
liberia,20401427,1-Male,60,6-Completed high school,1-Agree
liberia,2040103,2-Female,48,2-Completed ABC,1-Agree
liberia,2044203,1-Male,43,8-Completed university,1-Agree
liberia,2040122,2-Female,44,1-Some ABC,1-Agree
liberia,20401428,1-Male,22,5-Some high school,1-Agree
liberia,2040183,1-Male,45,2-Completed ABC,0-Disagree
liberia,2040102,2-Female,31,3-Some junior high,1-Agree
liberia,2040172,2-Female,48,6-Completed high school,1-Agree
liberia,2040174,1-Male,27,7-Some university,1-Agree
liberia,2040182,2-Female,41,6-Completed high school,1-Agree
liberia,2040181,2-Female,22,6-Completed high school,1-Agree
liberia,2040204,2-Female,47,7-Some university,97-Do not know
liberia,2040121,2-Female,24,5-Some high school,1-Agree
liberia,2040124,1-Male,73,7-Some university,0-Disagree
liberia,2040173,2-Female,31,0-None,1-Agree
liberia,2040203,2-Female,45,7-Some university,1-Agree
liberia,2040171,2-Female,30,5-Some high school,1-Agree
liberia,2040175,1-Male,51,7-Some university,1-Agree
liberia,2040123,2-Female,23,6-Completed high school,1-Agree
liberia,20411424,1-Male,52,6-Completed high school,1-Agree
liberia,2041174,2-Female,49,5-Some high school,1-Agree
liberia,2041185,1-Male,41,5-Some high school,1-Agree
liberia,2041123,2-Female,39,4-Completed junior high,1-Agree
liberia,20411425,2-Female,42,0-None,1-Agree
liberia,2041103,2-Female,22,5-Some high school,97-Do not know
liberia,2041181,2-Female,20,6-Completed high school,1-Agree
liberia,20411427,2-Female,19,6-Completed high school,1-Agree
liberia,2041183,2-Female,52,2-Completed ABC,1-Agree
liberia,2041184,1-Male,28,6-Completed high school,1-Agree
liberia,2041182,2-Female,20,5-Some high school,1-Agree
liberia,2041172,1-Male,31,0-None,97-Do not know
liberia,2041122,1-Male,19,5-Some high school,1-Agree
liberia,2041101,2-Female,37,6-Completed high school,1-Agree
liberia,2041102,2-Female,33,6-Completed high school,0-Disagree
liberia,2041201,1-Male,19,3-Some junior high,1-Agree
liberia,20411426,1-Male,54,7-Some university,1-Agree
liberia,2041121,2-Female,38,7-Some university,1-Agree
liberia,2041171,2-Female,28,0-None,1-Agree
liberia,2041124,2-Female,45,6-Completed high school,1-Agree
liberia,2041173,2-Female,52,5-Some high school,1-Agree
liberia,2042105,1-Male,34,1-Some ABC,1-Agree
liberia,2042183,1-Male,44,6-Completed high school,1-Agree
liberia,2042185,2-Female,63,0-None,1-Agree
liberia,2042102,2-Female,29,5-Some high school,0-Disagree
liberia,2042101,2-Female,39,0-None,0-Disagree
liberia,2042181,1-Male,38,5-Some high school,1-Agree
liberia,2042201,1-Male,70,3-Some junior high,97-Do not know
liberia,2042184,1-Male,23,6-Completed high school,0-Disagree
liberia,2042202,1-Male,24,7-Some university,1-Agree
liberia,2042104,1-Male,19,3-Some junior high,1-Agree
liberia,2042182,2-Female,45,5-Some high school,1-Agree
liberia,2042106,1-Male,29,7-Some university,1-Agree
liberia,2042205,1-Male,23,6-Completed high school,1-Agree
liberia,2042187,1-Male,35,4-Completed junior high,97-Do not know
liberia,2042107,2-Female,34,0-None,1-Agree
liberia,2042204,1-Male,26,5-Some high school,0-Disagree
liberia,2042103,2-Female,21,5-Some high school,1-Agree
liberia,2042206,1-Male,29,7-Some university,97-Do not know
liberia,2042203,1-Male,37,3-Some junior high,1-Agree
liberia,2042186,1-Male,54,0-None,1-Agree
liberia,2043106,1-Male,54,6-Completed high school,
liberia,2043104,2-Female,47,0-None,1-Agree
liberia,2043186,1-Male,37,6-Completed high school,1-Agree
liberia,2043183,1-Male,37,7-Some university,1-Agree
liberia,2043201,1-Male,39,5-Some high school,1-Agree
liberia,2043101,1-Male,47,6-Completed high school,1-Agree
liberia,2043185,2-Female,30,0-None,1-Agree
liberia,2043102,2-Female,30,0-None,1-Agree
liberia,2043182,2-Female,26,5-Some high school,0-Disagree
liberia,2043206,2-Female,36,7-Some university,97-Do not know
liberia,2043181,1-Male,52,3-Some junior high,1-Agree
liberia,2043184,,,,1-Agree
liberia,2043105,2-Female,21,5-Some high school,1-Agree
liberia,2043107,2-Female,57,0-None,1-Agree
liberia,2043205,1-Male,22,6-Completed high school,1-Agree
liberia,2043103,1-Male,37,4-Completed junior high,1-Agree
liberia,2043203,2-Female,30,0-None,1-Agree
liberia,2043202,2-Female,50,0-None,97-Do not know
liberia,2043141,2-Female,27,3-Some junior high,1-Agree
liberia,2043204,1-Male,26,5-Some high school,0-Disagree
liberia,2044185,1-Male,38,6-Completed high school,1-Agree
liberia,2044172,1-Male,22,7-Some university,0-Disagree
liberia,2044184,1-Male,50,0-None,1-Agree
liberia,2044181,1-Male,22,5-Some high school,1-Agree
liberia,2044122,2-Female,37,2-Completed ABC,1-Agree
liberia,2044182,2-Female,38,0-None,1-Agree
liberia,2044204,1-Male,37,0-None,1-Agree
liberia,2044205,1-Male,30,6-Completed high school,1-Agree
liberia,2044105,2-Female,36,0-None,0-Disagree
liberia,2044201,1-Male,26,5-Some high school,0-Disagree
liberia,2044202,2-Female,42,2-Completed ABC,0-Disagree
liberia,2044171,2-Female,40,0-None,97-Do not know
liberia,2044104,1-Male,23,4-Completed junior high,1-Agree
liberia,2044106,2-Female,27,3-Some junior high,1-Agree
liberia,2044121,1-Male,45,4-Completed junior high,1-Agree
liberia,2044101,2-Female,27,7-Some university,1-Agree
liberia,2044183,1-Male,30,4-Completed junior high,1-Agree
liberia,2044102,1-Male,46,2-Completed ABC,1-Agree
liberia,2044103,2-Female,37,5-Some high school,0-Disagree
liberia,2044123,2-Female,58,0-None,1-Agree
liberia,2045172,2-Female,21,6-Completed high school,1-Agree
liberia,2045127,1-Male,20,4-Completed junior high,0-Disagree
liberia,2045122,2-Female,52,0-None,1-Agree
liberia,2045177,1-Male,52,7-Some university,1-Agree
liberia,2045175,1-Male,48,6-Completed high school,97-Do not know
liberia,20451418,2-Female,44,5-Some high school,1-Agree
liberia,20451421,1-Male,62,7-Some university,1-Agree
liberia,2045174,1-Male,52,6-Completed high school,1-Agree
liberia,2045126,1-Male,23,0-None,1-Agree
liberia,20451422,1-Male,57,8-Completed university,1-Agree
liberia,2045173,2-Female,27,0-None,1-Agree
liberia,2045123,1-Male,38,7-Some university,97-Do not know
liberia,20451419,2-Female,45,6-Completed high school,1-Agree
liberia,2045128,2-Female,35,3-Some junior high,1-Agree
liberia,2045125,2-Female,69,3-Some junior high,97-Do not know
liberia,20451420,1-Male,56,6-Completed high school,1-Agree
liberia,2045171,2-Female,25,6-Completed high school,1-Agree
liberia,20451423,1-Male,25,5-Some high school,0-Disagree
liberia,2045176,1-Male,46,8-Completed university,1-Agree
liberia,2045121,2-Female,50,2-Completed ABC,1-Agree
liberia,2045124,1-Male,29,6-Completed high school,1-Agree
liberia,2046132,2-Female,30,2-Completed ABC,1-Agree
liberia,2046151,2-Female,28,6-Completed high school,1-Agree
liberia,2046196,2-Female,39,7-Some university,1-Agree
liberia,2046153,1-Male,59,0-None,0-Disagree
liberia,2046494,2-Female,33,0-None,1-Agree
liberia,2046165,2-Female,31,1-Some ABC,1-Agree
liberia,2046131,2-Female,56,0-None,1-Agree
liberia,2046111,2-Female,33,7-Some university,97-Do not know
liberia,2046213,2-Female,40,3-Some junior high,1-Agree
liberia,2046161,1-Male,42,2-Completed ABC,1-Agree
liberia,2046152,2-Female,54,6-Completed high school,1-Agree
liberia,2046211,1-Male,32,6-Completed high school,1-Agree
liberia,2046194,2-Female,52,7-Some university,1-Agree
liberia,2046133,1-Male,43,6-Completed high school,1-Agree
liberia,2046164,1-Male,47,6-Completed high school,1-Agree
liberia,2046212,1-Male,32,7-Some university,1-Agree
liberia,2046191,1-Male,47,4-Completed junior high,0-Disagree
liberia,2046163,1-Male,56,5-Some high school,1-Agree
liberia,2046192,1-Male,52,7-Some university,1-Agree
liberia,2046162,2-Female,40,4-Completed junior high,1-Agree
liberia,2046214,2-Female,42,6-Completed high school,1-Agree
liberia,2046154,1-Male,56,6-Completed high school,1-Agree
liberia,2047112,2-Female,44,5-Some high school,1-Agree
liberia,2047116,2-Female,42,0-None,97-Do not know
liberia,2047134,2-Female,25,2-Completed ABC,1-Agree
liberia,2047135,2-Female,43,2-Completed ABC,1-Agree
liberia,2047118,2-Female,54,2-Completed ABC,1-Agree
liberia,2047161,2-Female,31,0-None,1-Agree
liberia,2047152,1-Male,41,6-Completed high school,0-Disagree
liberia,2047132,2-Female,24,6-Completed high school,1-Agree
liberia,2047117,2-Female,23,6-Completed high school,97-Do not know
liberia,2047133,1-Male,45,7-Some university,0-Disagree
liberia,2047151,2-Female,23,5-Some high school,1-Agree
liberia,2047114,2-Female,44,3-Some junior high,97-Do not know
liberia,2047192,2-Female,41,5-Some high school,1-Agree
liberia,2047162,1-Male,30,3-Some junior high,1-Agree
liberia,2047191,1-Male,61,0-None,1-Agree
liberia,2047111,2-Female,20,3-Some junior high,1-Agree
liberia,2047131,1-Male,37,6-Completed high school,1-Agree
liberia,2047137,1-Male,63,5-Some high school,0-Disagree
liberia,2047136,1-Male,34,7-Some university,0-Disagree
liberia,2047113,1-Male,65,0-None,1-Agree
liberia,2048163,1-Male,52,5-Some high school,1-Agree
liberia,2048151,2-Female,29,6-Completed high school,1-Agree
liberia,2048193,2-Female,35,5-Some high school,1-Agree
liberia,2048111,2-Female,36,2-Completed ABC,1-Agree
liberia,2048153,1-Male,25,6-Completed high school,1-Agree
liberia,2048133,1-Male,51,3-Some junior high,1-Agree
liberia,2048132,2-Female,39,3-Some junior high,1-Agree
liberia,2048162,1-Male,61,6-Completed high school,1-Agree
liberia,2048134,2-Female,24,6-Completed high school,1-Agree
liberia,2048131,1-Male,37,2-Completed ABC,0-Disagree
liberia,2048114,2-Female,47,5-Some high school,1-Agree
liberia,2048154,1-Male,51,8-Completed university,1-Agree
liberia,2048192,1-Male,50,8-Completed university,1-Agree
liberia,2048161,2-Female,41,2-Completed ABC,1-Agree
liberia,2048152,2-Female,46,0-None,1-Agree
liberia,2048191,1-Male,27,7-Some university,1-Agree
liberia,2048164,1-Male,49,2-Completed ABC,1-Agree
liberia,2048113,2-Female,40,1-Some ABC,1-Agree
liberia,2048194,2-Female,38,3-Some junior high,1-Agree
liberia,2048112,1-Male,33,3-Some junior high,0-Disagree
liberia,2049125,2-Female,25,7-Some university,1-Agree
liberia,2049123,1-Male,25,7-Some university,1-Agree
liberia,2049122,1-Male,54,7-Some university,1-Agree
liberia,2049127,2-Female,50,6-Completed high school,1-Agree
liberia,2049126,2-Female,49,5-Some high school,1-Agree
liberia,2049106,2-Female,28,6-Completed high school,1-Agree
liberia,2049124,1-Male,39,6-Completed high school,1-Agree
liberia,2049105,2-Female,52,7-Some university,1-Agree
liberia,20491412,1-Male,39,5-Some high school,0-Disagree
liberia,2049128,2-Female,33,3-Some junior high,1-Agree
liberia,20491413,2-Female,19,5-Some high school,1-Agree
liberia,2049107,1-Male,56,8-Completed university,1-Agree
liberia,20491414,1-Male,72,3-Some junior high,1-Agree
liberia,2049101,1-Male,34,7-Some university,1-Agree
liberia,2049103,2-Female,48,0-None,97-Do not know
liberia,20491410,1-Male,45,7-Some university,0-Disagree
liberia,2049102,1-Male,33,6-Completed high school,1-Agree
liberia,2049121,2-Female,51,2-Completed ABC,97-Do not know
liberia,2049104,2-Female,24,6-Completed high school,0-Disagree
liberia,20491411,2-Female,22,5-Some high school,
liberia,2050195,1-Male,56,5-Some high school,1-Agree
liberia,2050152,2-Female,34,5-Some high school,1-Agree
liberia,2050112,2-Female,37,1-Some ABC,97-Do not know
liberia,2050115,2-Female,33,2-Completed ABC,1-Agree
liberia,2050114,2-Female,51,1-Some ABC,97-Do not know
liberia,2050192,1-Male,49,0-None,0-Disagree
liberia,2050151,2-Female,30,7-Some university,1-Agree
liberia,2050113,1-Male,21,2-Completed ABC,1-Agree
liberia,2050118,2-Female,39,3-Some junior high,1-Agree
liberia,2050116,1-Male,51,6-Completed high school,0-Disagree
liberia,2050194,1-Male,54,7-Some university,1-Agree
liberia,2050191,1-Male,55,88-Other,0-Disagree
liberia,2050154,2-Female,29,6-Completed high school,1-Agree
liberia,2050155,1-Male,26,7-Some university,1-Agree
liberia,2050197,2-Female,25,4-Completed junior high,97-Do not know
liberia,2050117,2-Female,49,2-Completed ABC,1-Agree
liberia,2050196,1-Male,53,3-Some junior high,1-Agree
liberia,2050153,1-Male,46,3-Some junior high,1-Agree
liberia,2050111,2-Female,23,3-Some junior high,1-Agree
liberia,2050193,1-Male,36,5-Some high school,1-Agree
liberia,2051203,1-Male,25,6-Completed high school,1-Agree
liberia,2051187,,,,1-Agree
liberia,2051186,2-Female,25,6-Completed high school,1-Agree
liberia,2051172,1-Male,69,6-Completed high school,1-Agree
liberia,2051177,1-Male,28,0-None,1-Agree
liberia,2051175,1-Male,42,0-None,1-Agree
liberia,2051176,1-Male,45,6-Completed high school,1-Agree
liberia,2051202,2-Female,38,2-Completed ABC,0-Disagree
liberia,2051183,1-Male,24,2-Completed ABC,1-Agree
liberia,2051173,1-Male,42,5-Some high school,1-Agree
liberia,2051204,2-Female,26,6-Completed high school,1-Agree
liberia,20511417,2-Female,44,7-Some university,1-Agree
liberia,2051178,1-Male,35,6-Completed high school,1-Agree
liberia,2051185,1-Male,27,5-Some high school,1-Agree
liberia,2051181,1-Male,33,5-Some high school,1-Agree
liberia,2051184,1-Male,67,6-Completed high school,1-Agree
liberia,2051182,2-Female,19,4-Completed junior high,1-Agree
liberia,2051174,1-Male,48,7-Some university,1-Agree
liberia,2051171,2-Female,28,5-Some high school,0-Disagree
liberia,2051201,1-Male,27,7-Some university,1-Agree
liberia,2052181,2-Female,36,0-None,1-Agree
liberia,2052122,1-Male,67,0-None,1-Agree
liberia,2052201,2-Female,28,3-Some junior high,1-Agree
liberia,2052183,2-Female,19,5-Some high school,1-Agree
liberia,2052124,2-Female,32,2-Completed ABC,97-Do not know
liberia,2052123,2-Female,29,7-Some university,1-Agree
liberia,2052121,2-Female,38,7-Some university,1-Agree
liberia,2052101,2-Female,81,0-None,1-Agree
liberia,2052184,2-Female,28,6-Completed high school,
liberia,2052182,1-Male,45,7-Some university,1-Agree
liberia,2052178,2-Female,24,6-Completed high school,1-Agree
liberia,2052104,2-Female,30,6-Completed high school,1-Agree
liberia,205172,2-Female,55,1-Some ABC,1-Agree
liberia,2052171,2-Female,42,6-Completed high school,1-Agree
liberia,2052202,2-Female,42,0-None,1-Agree
liberia,2052174,2-Female,21,3-Some junior high,0-Disagree
liberia,2052103,2-Female,36,0-None,1-Agree
liberia,20521416,1-Male,49,6-Completed high school,1-Agree
liberia,2052102,2-Female,28,3-Some junior high,97-Do not know
liberia,2052173,1-Male,46,5-Some high school,97-Do not know
liberia,2053131,2-Female,37,0-None,1-Agree
liberia,2053166,2-Female,35,3-Some junior high,1-Agree
liberia,2053214,2-Female,72,0-None,1-Agree
liberia,2053165,2-Female,61,1-Some ABC,1-Agree
liberia,2053133,1-Male,74,6-Completed high school,1-Agree
liberia,2053162,1-Male,22,3-Some junior high,1-Agree
liberia,2053138,2-Female,23,5-Some high school,1-Agree
liberia,2053136,2-Female,37,0-None,1-Agree
liberia,2053137,2-Female,72,1-Some ABC,97-Do not know
liberia,2053212,1-Male,30,6-Completed high school,1-Agree
liberia,2053161,2-Female,23,4-Completed junior high,1-Agree
liberia,2053139,1-Male,47,6-Completed high school,1-Agree
liberia,2053134,2-Female,44,6-Completed high school,1-Agree
liberia,2053167,2-Female,27,6-Completed high school,1-Agree
liberia,2053132,2-Female,23,6-Completed high school,1-Agree
liberia,2053164,2-Female,26,2-Completed ABC,1-Agree
liberia,2053213,1-Male,26,7-Some university,1-Agree
liberia,2053135,2-Female,22,5-Some high school,1-Agree
liberia,2053163,2-Female,28,6-Completed high school,0-Disagree
liberia,2054142,2-Female,40,3-Some junior high,1-Agree
liberia,2054141,2-Female,51,0-None,0-Disagree
liberia,2054143,2-Female,23,5-Some high school,1-Agree
liberia,2055195,2-Female,24,5-Some high school,1-Agree
liberia,2055196,1-Male,32,7-Some university,1-Agree
liberia,2055212,2-Female,55,2-Completed ABC,1-Agree
liberia,2055111,2-Female,38,3-Some junior high,1-Agree
liberia,2055116,2-Female,38,0-None,97-Do not know
liberia,2055161,2-Female,28,3-Some junior high,
liberia,2055211,2-Female,60,6-Completed high school,1-Agree
liberia,2055114,1-Male,44,3-Some junior high,97-Do not know
liberia,2055194,2-Female,21,5-Some high school,1-Agree
liberia,2055151,2-Female,43,0-None,1-Agree
liberia,2055193,1-Male,28,7-Some university,1-Agree
liberia,2055113,2-Female,23,5-Some high school,1-Agree
liberia,2055112,2-Female,39,7-Some university,0-Disagree
liberia,2055162,1-Male,54,7-Some university,1-Agree
liberia,2055192,2-Female,30,5-Some high school,1-Agree
liberia,2055191,1-Male,27,7-Some university,1-Agree
liberia,2055115,2-Female,27,0-None,1-Agree
liberia,2055131,1-Male,71,6-Completed high school,1-Agree
liberia,2055153,1-Male,51,0-None,1-Agree
liberia,2055152,1-Male,47,2-Completed ABC,1-Agree
liberia,2056193,1-Male,46,8-Completed university,1-Agree
liberia,2056132,2-Female,33,3-Some junior high,1-Agree
liberia,2056151,1-Male,38,6-Completed high school,1-Agree
liberia,2056135,2-Female,24,2-Completed ABC,1-Agree
liberia,2056191,1-Male,64,5-Some high school,1-Agree
liberia,2056152,2-Female,25,6-Completed high school,1-Agree
liberia,2056133,1-Male,22,6-Completed high school,1-Agree
liberia,2056162,2-Female,69,0-None,1-Agree
liberia,2056163,1-Male,43,4-Completed junior high,1-Agree
liberia,2056195,1-Male,18,5-Some high school,1-Agree
liberia,2056114,2-Female,22,3-Some junior high,1-Agree
liberia,2056112,2-Female,28,5-Some high school,1-Agree
liberia,2056134,2-Female,37,2-Completed ABC,1-Agree
liberia,2056161,2-Female,40,2-Completed ABC,1-Agree
liberia,2056113,2-Female,28,0-None,97-Do not know
liberia,2056111,1-Male,21,7-Some university,1-Agree
liberia,2056131,1-Male,57,0-None,1-Agree
liberia,2056115,2-Female,37,3-Some junior high,1-Agree
liberia,2057131,2-Female,32,1-Some ABC,1-Agree
liberia,2057134,1-Male,24,1-Some ABC,97-Do not know
liberia,2057154,1-Male,35,6-Completed high school,1-Agree
liberia,2057142,1-Male,34,3-Some junior high,1-Agree
liberia,2057155,1-Male,55,7-Some university,1-Agree
liberia,2057156,2-Female,25,2-Completed ABC,1-Agree
liberia,2057152,1-Male,46,7-Some university,1-Agree
liberia,2057132,2-Female,23,6-Completed high school,1-Agree
liberia,2057167,1-Male,68,7-Some university,1-Agree
liberia,2057136,1-Male,26,7-Some university,1-Agree
liberia,2057163,2-Female,20,6-Completed high school,1-Agree
liberia,2057166,2-Female,37,0-None,1-Agree
liberia,2057133,2-Female,23,1-Some ABC,1-Agree
liberia,2057161,2-Female,37,0-None,1-Agree
liberia,2057137,1-Male,61,6-Completed high school,1-Agree
liberia,2057223,1-Male,25,88-Other,1-Agree
liberia,2057153,2-Female,22,3-Some junior high,1-Agree
liberia,2057151,2-Female,32,6-Completed high school,1-Agree
liberia,2057144,2-Female,21,6-Completed high school,1-Agree
liberia,2057165,1-Male,32,3-Some junior high,1-Agree
liberia,2057164,1-Male,39,7-Some university,1-Agree
liberia,2057143,1-Male,37,5-Some high school,1-Agree
liberia,2057162,2-Female,33,4-Completed junior high,1-Agree
liberia,2057145,1-Male,42,6-Completed high school,1-Agree
liberia,2057222,1-Male,31,3-Some junior high,1-Agree
liberia,2057135,2-Female,30,1-Some ABC,1-Agree
liberia,2057141,1-Male,36,3-Some junior high,1-Agree
liberia,2058175,2-Female,37,3-Some junior high,1-Agree
liberia,2058203,1-Male,65,5-Some high school,1-Agree
liberia,2058177,1-Male,32,7-Some university,0-Disagree
liberia,2058186,2-Female,33,2-Completed ABC,1-Agree
liberia,2058183,1-Male,60,2-Completed ABC,1-Agree
liberia,2058174,1-Male,27,3-Some junior high,1-Agree
liberia,2058185,1-Male,44,6-Completed high school,1-Agree
liberia,2058206,1-Male,49,3-Some junior high,1-Agree
liberia,2058202,2-Female,34,0-None,97-Do not know
liberia,2058,2-Female,34,3-Some junior high,1-Agree
liberia,2058205,2-Female,35,3-Some junior high,1-Agree
liberia,2058181,2-Female,36,5-Some high school,1-Agree
liberia,2058182,1-Male,26,5-Some high school,1-Agree
liberia,2058204,2-Female,31,0-None,1-Agree
liberia,2058172,2-Female,56,0-None,97-Do not know
liberia,2058171,2-Female,20,3-Some junior high,1-Agree
liberia,2058173,2-Female,30,1-Some ABC,1-Agree
liberia,2058201,1-Male,42,5-Some high school,1-Agree
liberia,2058176,2-Female,23,0-None,1-Agree
liberia,2058187,2-Female,46,7-Some university,0-Disagree
liberia,2059117,2-Female,43,2-Completed ABC,1-Agree
liberia,2059115,2-Female,37,2-Completed ABC,97-Do not know
liberia,20591910,2-Female,27,5-Some high school,1-Agree
liberia,2059198,2-Female,42,6-Completed high school,1-Agree
liberia,2059131,1-Male,34,6-Completed high school,1-Agree
liberia,205914,1-Male,35,5-Some high school,1-Agree
liberia,2059113,1-Male,55,6-Completed high school,97-Do not know
liberia,2059196,2-Female,39,3-Some junior high,1-Agree
liberia,2059191,1-Male,51,5-Some high school,1-Agree
liberia,2059161,2-Female,31,4-Completed junior high,1-Agree
liberia,2059136,2-Female,35,3-Some junior high,1-Agree
liberia,2059132,1-Male,45,6-Completed high school,1-Agree
liberia,2059116,1-Male,36,3-Some junior high,1-Agree
liberia,20591911,2-Female,45,0-None,1-Agree
liberia,2059135,1-Male,34,5-Some high school,1-Agree
liberia,2059197,1-Male,43,6-Completed high school,1-Agree
liberia,2059195,2-Female,30,3-Some junior high,1-Agree
liberia,2059112,2-Female,26,6-Completed high school,1-Agree
liberia,2059192,2-Female,25,5-Some high school,1-Agree
liberia,2059134,1-Male,40,7-Some university,1-Agree
liberia,2059199,2-Female,35,0-None,1-Agree
liberia,20591912,2-Female,49,5-Some high school,1-Agree
liberia,2059118,2-Female,33,3-Some junior high,1-Agree
liberia,20591914,1-Male,18,5-Some high school,1-Agree
liberia,2059133,2-Female,35,6-Completed high school,1-Agree
liberia,2059114,2-Female,20,5-Some high school,1-Agree
liberia,20591913,2-Female,35,3-Some junior high,1-Agree
liberia,2060102,2-Female,28,4-Completed junior high,1-Agree
liberia,2060123,2-Female,33,2-Completed ABC,1-Agree
liberia,2060124,1-Male,50,6-Completed high school,1-Agree
liberia,2060105,2-Female,31,3-Some junior high,1-Agree
liberia,2060171,2-Female,26,3-Some junior high,1-Agree
liberia,2060104,2-Female,35,0-None,1-Agree
liberia,2060221,1-Male,24,3-Some junior high,1-Agree
liberia,2060107,2-Female,32,1-Some ABC,1-Agree
liberia,2060106,2-Female,54,6-Completed high school,1-Agree
liberia,2060103,2-Female,56,5-Some high school,0-Disagree
liberia,2060181,1-Male,27,2-Completed ABC,1-Agree
liberia,2060122,2-Female,50,2-Completed ABC,1-Agree
liberia,2060127,2-Female,45,6-Completed high school,1-Agree
liberia,2068103,2-Female,28,5-Some high school,1-Agree
liberia,2060108,2-Female,34,0-None,1-Agree
liberia,2060125,1-Male,36,0-None,1-Agree
liberia,2060101,1-Male,36,6-Completed high school,0-Disagree
liberia,2060121,2-Female,31,0-None,1-Agree
liberia,2060126,2-Female,40,0-None,1-Agree
liberia,2060141,2-Female,43,3-Some junior high,1-Agree
liberia,2060201,2-Female,21,7-Some university,1-Agree
liberia,2060128,1-Male,22,4-Completed junior high,1-Agree
liberia,2061151,1-Male,36,6-Completed high school,1-Agree
liberia,2061154,2-Female,44,2-Completed ABC,1-Agree
liberia,2061161,2-Female,37,5-Some high school,1-Agree
liberia,2061152,2-Female,37,0-None,1-Agree
liberia,2061215,1-Male,49,6-Completed high school,1-Agree
liberia,2061191,2-Female,37,3-Some junior high,1-Agree
liberia,2061211,2-Female,44,6-Completed high school,1-Agree
liberia,2061156,2-Female,37,7-Some university,1-Agree
liberia,2061217,2-Female,37,3-Some junior high,1-Agree
liberia,2061216,2-Female,26,7-Some university,1-Agree
liberia,2061163,2-Female,28,3-Some junior high,1-Agree
liberia,2061212,2-Female,26,6-Completed high school,0-Disagree
liberia,2061164,2-Female,20,3-Some junior high,1-Agree
liberia,20612110,1-Male,24,6-Completed high school,1-Agree
liberia,2061219,2-Female,47,6-Completed high school,1-Agree
liberia,2061218,2-Female,40,6-Completed high school,1-Agree
liberia,2061213,2-Female,52,5-Some high school,1-Agree
liberia,2061214,2-Female,38,2-Completed ABC,1-Agree
liberia,2061162,2-Female,23,6-Completed high school,1-Agree
liberia,2061155,2-Female,26,7-Some university,1-Agree
liberia,2061165,2-Female,63,6-Completed high school,1-Agree
liberia,2062114,1-Male,41,3-Some junior high,1-Agree
liberia,2062116,2-Female,24,6-Completed high school,97-Do not know
liberia,2062151,1-Male,39,2-Completed ABC,1-Agree
liberia,2062112,2-Female,27,6-Completed high school,0-Disagree
liberia,2062115,2-Female,44,2-Completed ABC,97-Do not know
liberia,2062135,1-Male,51,0-None,97-Do not know
liberia,2062138,1-Male,35,0-None,1-Agree
liberia,2062161,1-Male,32,7-Some university,1-Agree
liberia,2062118,1-Male,40,3-Some junior high,97-Do not know
liberia,2062131,1-Male,27,6-Completed high school,1-Agree
liberia,2062117,2-Female,30,3-Some junior high,1-Agree
liberia,2062136,2-Female,19,3-Some junior high,1-Agree
liberia,2062111,2-Female,44,5-Some high school,1-Agree
liberia,2062113,2-Female,34,6-Completed high school,1-Agree
liberia,2062134,2-Female,29,6-Completed high school,1-Agree
liberia,2062137,2-Female,23,3-Some junior high,1-Agree
liberia,2062191,1-Male,36,7-Some university,1-Agree
liberia,2062119,2-Female,24,1-Some ABC,1-Agree
liberia,2062132,2-Female,28,3-Some junior high,1-Agree
liberia,2063161,2-Female,30,4-Completed junior high,1-Agree
liberia,2063191,2-Female,28,5-Some high school,1-Agree
liberia,2063154,2-Female,29,6-Completed high school,1-Agree
liberia,2063163,2-Female,46,5-Some high school,1-Agree
liberia,2063164,1-Male,25,5-Some high school,1-Agree
liberia,2063166,2-Female,35,0-None,1-Agree
liberia,2063197,2-Female,39,3-Some junior high,1-Agree
liberia,2063152,1-Male,47,6-Completed high school,1-Agree
liberia,2063156,2-Female,37,0-None,0-Disagree
liberia,2063192,1-Male,40,3-Some junior high,1-Agree
liberia,2063194,2-Female,36,0-None,1-Agree
liberia,2063195,2-Female,41,0-None,0-Disagree
liberia,2063153,2-Female,22,5-Some high school,1-Agree
liberia,2063155,2-Female,41,0-None,1-Agree
liberia,2063165,2-Female,24,5-Some high school,1-Agree
liberia,2063196,2-Female,23,5-Some high school,1-Agree
liberia,2063162,2-Female,29,0-None,1-Agree
liberia,2063193,1-Male,41,0-None,1-Agree
liberia,2063211,2-Female,38,6-Completed high school,1-Agree
liberia,2063212,2-Female,39,0-None,1-Agree
liberia,2064132,2-Female,35,2-Completed ABC,1-Agree
liberia,2064152,2-Female,54,5-Some high school,97-Do not know
liberia,2064114,2-Female,19,6-Completed high school,1-Agree
liberia,2064164,1-Male,44,5-Some high school,1-Agree
liberia,2064115,2-Female,22,6-Completed high school,1-Agree
liberia,2064194,2-Female,28,6-Completed high school,1-Agree
liberia,2064112,2-Female,27,7-Some university,97-Do not know
liberia,2064495,2-Female,24,5-Some high school,1-Agree
liberia,2064134,1-Male,26,6-Completed high school,1-Agree
liberia,2064111,2-Female,42,3-Some junior high,1-Agree
liberia,2064191,2-Female,27,5-Some high school,1-Agree
liberia,2064131,2-Female,34,2-Completed ABC,1-Agree
liberia,2064113,2-Female,28,3-Some junior high,97-Do not know
liberia,2064162,2-Female,29,6-Completed high school,1-Agree
liberia,2064163,1-Male,44,6-Completed high school,1-Agree
liberia,2064133,2-Female,42,2-Completed ABC,1-Agree
liberia,2064193,2-Female,29,7-Some university,1-Agree
liberia,2064153,2-Female,35,3-Some junior high,1-Agree
liberia,2064161,2-Female,36,3-Some junior high,1-Agree
liberia,2064151,2-Female,47,3-Some junior high,1-Agree
liberia,2065113,1-Male,26,7-Some university,1-Agree
liberia,2065114,2-Female,27,5-Some high school,97-Do not know
liberia,2065112,2-Female,40,1-Some ABC,1-Agree
liberia,2065111,1-Male,25,6-Completed high school,1-Agree
liberia,2065212,1-Male,36,7-Some university,1-Agree
liberia,2065192,1-Male,47,7-Some university,1-Agree
liberia,2065193,1-Male,33,7-Some university,1-Agree
liberia,2065132,1-Male,52,2-Completed ABC,1-Agree
liberia,2065162,2-Female,32,2-Completed ABC,1-Agree
liberia,2065134,1-Male,60,8-Completed university,1-Agree
liberia,2065161,1-Male,51,6-Completed high school,1-Agree
liberia,2065163,1-Male,35,8-Completed university,1-Agree
liberia,2065211,1-Male,34,6-Completed high school,1-Agree
liberia,2065213,2-Female,48,3-Some junior high,1-Agree
liberia,2065153,2-Female,50,0-None,1-Agree
liberia,2065131,1-Male,43,6-Completed high school,1-Agree
liberia,2065214,1-Male,44,8-Completed university,1-Agree
liberia,2065191,2-Female,50,5-Some high school,1-Agree
liberia,2065133,2-Female,24,2-Completed ABC,1-Agree
liberia,2065151,2-Female,34,6-Completed high school,0-Disagree
liberia,2066177,1-Male,49,5-Some high school,
liberia,2066145,2-Female,25,5-Some high school,1-Agree
liberia,2066142,2-Female,53,0-None,0-Disagree
liberia,2066171,2-Female,23,5-Some high school,1-Agree
liberia,2066143,2-Female,25,3-Some junior high,1-Agree
liberia,2066121,1-Male,27,7-Some university,1-Agree
liberia,2066126,2-Female,22,6-Completed high school,1-Agree
liberia,2066144,2-Female,34,5-Some high school,1-Agree
liberia,2066201,1-Male,63,1-Some ABC,1-Agree
liberia,2066141,2-Female,32,6-Completed high school,1-Agree
liberia,2066173,2-Female,28,7-Some university,1-Agree
liberia,2066128,2-Female,24,6-Completed high school,1-Agree
liberia,2066176,2-Female,47,6-Completed high school,1-Agree
liberia,2066172,1-Male,29,7-Some university,1-Agree
liberia,2066122,2-Female,29,7-Some university,1-Agree
liberia,2066174,2-Female,20,6-Completed high school,1-Agree
liberia,2066127,1-Male,60,6-Completed high school,1-Agree
liberia,2066146,1-Male,24,6-Completed high school,1-Agree
liberia,2066123,1-Male,40,8-Completed university,1-Agree
liberia,2066124,2-Female,32,7-Some university,1-Agree
liberia,2067192,1-Male,18,5-Some high school,1-Agree
liberia,2067132,2-Female,24,3-Some junior high,1-Agree
liberia,2067191,1-Male,35,7-Some university,1-Agree
liberia,2067164,1-Male,34,7-Some university,1-Agree
liberia,2067161,1-Male,29,6-Completed high school,1-Agree
liberia,2067151,2-Female,25,2-Completed ABC,1-Agree
liberia,2067152,2-Female,28,7-Some university,1-Agree
liberia,2067162,2-Female,60,7-Some university,1-Agree
liberia,2067193,2-Female,22,6-Completed high school,1-Agree
liberia,2067114,2-Female,39,5-Some high school,97-Do not know
liberia,2067153,2-Female,24,7-Some university,1-Agree
liberia,2067194,2-Female,23,7-Some university,0-Disagree
liberia,2067131,2-Female,46,1-Some ABC,1-Agree
liberia,2067113,2-Female,22,3-Some junior high,97-Do not know
liberia,2067163,2-Female,36,3-Some junior high,1-Agree
liberia,2067133,2-Female,26,5-Some high school,1-Agree
liberia,2067111,1-Male,47,8-Completed university,1-Agree
liberia,2067154,2-Female,29,6-Completed high school,1-Agree
liberia,2067112,2-Female,27,6-Completed high school,1-Agree
liberia,2067134,1-Male,29,6-Completed high school,1-Agree
liberia,2068183,2-Female,28,7-Some university,1-Agree
liberia,2068221,1-Male,54,6-Completed high school,1-Agree
liberia,2068142,1-Male,26,6-Completed high school,1-Agree
liberia,2068171,2-Female,21,3-Some junior high,1-Agree
liberia,2068172,2-Female,36,1-Some ABC,97-Do not know
liberia,2068201,2-Female,18,3-Some junior high,1-Agree
liberia,2068181,1-Male,36,6-Completed high school,1-Agree
liberia,2068121,1-Male,37,7-Some university,1-Agree
liberia,2068173,2-Female,37,4-Completed junior high,1-Agree
liberia,2068122,2-Female,29,5-Some high school,1-Agree
liberia,2068182,1-Male,22,3-Some junior high,1-Agree
liberia,2068143,1-Male,42,8-Completed university,1-Agree
liberia,2068123,2-Female,21,0-None,1-Agree
liberia,2068222,1-Male,53,2-Completed ABC,1-Agree
liberia,2068202,1-Male,55,6-Completed high school,1-Agree
liberia,2068101,2-Female,35,3-Some junior high,1-Agree
liberia,2068141,2-Female,44,4-Completed junior high,1-Agree
liberia,2068102,1-Male,21,6-Completed high school,1-Agree
liberia,2068174,1-Male,28,3-Some junior high,97-Do not know
liberia,2068184,1-Male,61,4-Completed junior high,1-Agree
liberia,2068104,1-Male,24,7-Some university,1-Agree
liberia,2069182,1-Male,34,7-Some university,1-Agree
liberia,2069101,1-Male,35,6-Completed high school,1-Agree
liberia,2069143,2-Female,52,6-Completed high school,1-Agree
liberia,2069201,2-Female,35,5-Some high school,1-Agree
liberia,2069104,2-Female,25,7-Some university,1-Agree
liberia,2069222,1-Male,28,7-Some university,1-Agree
liberia,2069141,2-Female,43,5-Some high school,1-Agree
liberia,2069184,2-Female,38,6-Completed high school,1-Agree
liberia,2069121,2-Female,26,3-Some junior high,1-Agree
liberia,2069102,2-Female,35,6-Completed high school,1-Agree
liberia,2069173,2-Female,26,6-Completed high school,1-Agree
liberia,2069174,1-Male,46,7-Some university,1-Agree
liberia,2069103,2-Female,34,6-Completed high school,1-Agree
liberia,2069172,1-Male,29,8-Completed university,1-Agree
liberia,2069123,2-Female,61,0-None,1-Agree
liberia,2069142,1-Male,23,6-Completed high school,1-Agree
liberia,2069181,2-Female,29,5-Some high school,1-Agree
liberia,2069183,2-Female,18,3-Some junior high,1-Agree
liberia,2069124,1-Male,34,7-Some university,1-Agree
liberia,2069122,1-Male,29,7-Some university,1-Agree
liberia,2070183,2-Female,26,6-Completed high school,1-Agree
liberia,2070101,1-Male,26,6-Completed high school,1-Agree
liberia,2070121,2-Female,38,5-Some high school,0-Disagree
liberia,2070172,2-Female,35,0-None,1-Agree
liberia,2070123,2-Female,21,6-Completed high school,1-Agree
liberia,2070181,2-Female,22,3-Some junior high,1-Agree
liberia,2070103,1-Male,61,8-Completed university,1-Agree
liberia,2070182,1-Male,54,8-Completed university,1-Agree
liberia,2070204,1-Male,24,5-Some high school,1-Agree
liberia,2070203,2-Female,35,5-Some high school,97-Do not know
liberia,2070171,2-Female,35,6-Completed high school,1-Agree
liberia,2070184,1-Male,30,7-Some university,1-Agree
liberia,2070173,1-Male,25,7-Some university,1-Agree
liberia,2070122,2-Female,59,2-Completed ABC,1-Agree
liberia,2070102,2-Female,51,7-Some university,1-Agree
liberia,2070142,1-Male,63,3-Some junior high,1-Agree
liberia,2070202,2-Female,27,3-Some junior high,1-Agree
liberia,2070201,2-Female,19,3-Some junior high,1-Agree
liberia,2070174,2-Female,23,6-Completed high school,1-Agree
liberia,2070141,2-Female,30,3-Some junior high,1-Agree
liberia,2071104,1-Male,57,3-Some junior high,1-Agree
liberia,2071105,1-Male,24,5-Some high school,1-Agree
liberia,2071123,,,,97-Do not know
liberia,2071173,1-Male,26,7-Some university,1-Agree
liberia,2071171,2-Female,48,6-Completed high school,1-Agree
liberia,2071121,1-Male,23,6-Completed high school,0-Disagree
liberia,2071223,1-Male,23,5-Some high school,1-Agree
liberia,2071181,2-Female,30,1-Some ABC,1-Agree
liberia,2071102,1-Male,37,6-Completed high school,1-Agree
liberia,2071182,2-Female,29,2-Completed ABC,1-Agree
liberia,2071103,2-Female,36,88-Other,1-Agree
liberia,2071141,2-Female,39,6-Completed high school,1-Agree
liberia,2071175,1-Male,25,7-Some university,1-Agree
liberia,2071473,2-Female,43,6-Completed high school,1-Agree
liberia,2071201,2-Female,30,7-Some university,97-Do not know
liberia,2071172,2-Female,45,0-None,1-Agree
liberia,2071142,2-Female,49,3-Some junior high,1-Agree
liberia,2071124,1-Male,23,7-Some university,0-Disagree
liberia,2071183,2-Female,34,4-Completed junior high,1-Agree
liberia,2071101,1-Male,29,6-Completed high school,1-Agree
liberia,2071174,2-Female,65,0-None,1-Agree
liberia,2071221,1-Male,38,7-Some university,1-Agree
liberia,207114,1-Male,31,3-Some junior high,1-Agree
liberia,2072161,2-Female,26,2-Completed ABC,1-Agree
liberia,2072112,2-Female,30,2-Completed ABC,1-Agree
liberia,2072111,2-Female,28,7-Some university,0-Disagree
liberia,2072133,2-Female,26,3-Some junior high,1-Agree
liberia,2072191,1-Male,39,7-Some university,1-Agree
liberia,2072152,2-Female,68,0-None,1-Agree
liberia,2072162,1-Male,31,7-Some university,1-Agree
liberia,2072194,2-Female,47,8-Completed university,1-Agree
liberia,2072154,2-Female,80,0-None,1-Agree
liberia,2072113,2-Female,35,3-Some junior high,1-Agree
liberia,2072192,1-Male,38,5-Some high school,1-Agree
liberia,2072134,1-Male,48,7-Some university,1-Agree
liberia,2072193,1-Male,33,8-Completed university,1-Agree
liberia,2072131,2-Female,26,5-Some high school,1-Agree
liberia,2072135,2-Female,24,5-Some high school,1-Agree
liberia,2072132,2-Female,32,7-Some university,1-Agree
liberia,2072153,1-Male,25,2-Completed ABC,1-Agree
liberia,2072115,2-Female,23,5-Some high school,97-Do not know
liberia,2072151,1-Male,24,7-Some university,1-Agree
liberia,2072195,1-Male,45,7-Some university,1-Agree
liberia,2073111,1-Male,25,6-Completed high school,1-Agree
liberia,2073161,2-Female,28,7-Some university,1-Agree
liberia,2073162,2-Female,24,5-Some high school,1-Agree
liberia,2073131,1-Male,31,8-Completed university,1-Agree
liberia,2073163,2-Female,25,5-Some high school,1-Agree
liberia,2073113,2-Female,45,1-Some ABC,1-Agree
liberia,2073213,2-Female,23,3-Some junior high,1-Agree
liberia,2073133,2-Female,46,6-Completed high school,1-Agree
liberia,2073211,1-Male,63,2-Completed ABC,1-Agree
liberia,2073151,2-Female,50,8-Completed university,1-Agree
liberia,2073112,2-Female,32,4-Completed junior high,97-Do not know
liberia,2073194,2-Female,28,7-Some university,1-Agree
liberia,2073152,2-Female,28,7-Some university,1-Agree
liberia,2073114,1-Male,77,4-Completed junior high,1-Agree
liberia,2073212,2-Female,28,5-Some high school,1-Agree
liberia,2073134,2-Female,28,7-Some university,1-Agree
liberia,2073193,2-Female,41,5-Some high school,1-Agree
liberia,2073192,2-Female,75,0-None,1-Agree
liberia,2073132,1-Male,31,6-Completed high school,1-Agree
liberia,2073191,2-Female,40,3-Some junior high,0-Disagree
liberia,2074194,2-Female,33,7-Some university,1-Agree
liberia,2074193,1-Male,45,5-Some high school,1-Agree
liberia,2074131,1-Male,20,6-Completed high school,1-Agree
liberia,2074134,2-Female,48,2-Completed ABC,1-Agree
liberia,2074133,1-Male,27,3-Some junior high,1-Agree
liberia,2074151,2-Female,45,6-Completed high school,1-Agree
liberia,2074112,2-Female,35,3-Some junior high,97-Do not know
liberia,2074192,2-Female,23,6-Completed high school,1-Agree
liberia,2074132,2-Female,23,5-Some high school,1-Agree
liberia,2074114,1-Male,62,6-Completed high school,1-Agree
liberia,2074162,2-Female,31,5-Some high school,1-Agree
liberia,2074154,1-Male,50,6-Completed high school,1-Agree
liberia,2074153,2-Female,60,0-None,1-Agree
liberia,2074163,2-Female,40,7-Some university,1-Agree
liberia,2074161,2-Female,37,5-Some high school,1-Agree
liberia,2074113,1-Male,44,5-Some high school,1-Agree
liberia,2074191,1-Male,41,7-Some university,1-Agree
liberia,2074111,2-Female,46,2-Completed ABC,1-Agree
liberia,2074164,2-Female,43,3-Some junior high,1-Agree
liberia,2075163,1-Male,71,3-Some junior high,1-Agree
liberia,2075134,1-Male,25,7-Some university,1-Agree
liberia,2075133,1-Male,19,5-Some high school,1-Agree
liberia,2075151,1-Male,40,8-Completed university,1-Agree
liberia,2075212,1-Male,69,4-Completed junior high,1-Agree
liberia,2075131,2-Female,25,6-Completed high school,1-Agree
liberia,2075161,2-Female,43,1-Some ABC,1-Agree
liberia,2075152,1-Male,50,8-Completed university,1-Agree
liberia,2075211,1-Male,32,7-Some university,1-Agree
liberia,2075154,2-Female,43,0-None,1-Agree
liberia,2075112,1-Male,60,5-Some high school,1-Agree
liberia,2075111,2-Female,34,3-Some junior high,1-Agree
liberia,2075135,2-Female,20,5-Some high school,1-Agree
liberia,2075113,2-Female,29,1-Some ABC,1-Agree
liberia,2075162,2-Female,62,0-None,1-Agree
liberia,2075164,2-Female,20,7-Some university,1-Agree
liberia,2075132,2-Female,30,0-None,0-Disagree
liberia,2075153,2-Female,30,7-Some university,1-Agree
liberia,2075114,2-Female,21,5-Some high school,97-Do not know
liberia,2075115,2-Female,19,7-Some university,1-Agree
liberia,2076143,1-Male,27,6-Completed high school,1-Agree
liberia,2076141,1-Male,29,6-Completed high school,1-Agree
liberia,2076124,1-Male,24,6-Completed high school,1-Agree
liberia,2076122,1-Male,24,6-Completed high school,1-Agree
liberia,2076142,2-Female,34,3-Some junior high,1-Agree
liberia,2076223,1-Male,44,3-Some junior high,1-Agree
liberia,2076222,1-Male,32,88-Other,1-Agree
liberia,2076121,1-Male,64,6-Completed high school,1-Agree
liberia,2076182,1-Male,19,5-Some high school,1-Agree
liberia,2076187,1-Male,26,6-Completed high school,1-Agree
liberia,2076181,1-Male,52,6-Completed high school,1-Agree
liberia,2076123,1-Male,26,5-Some high school,1-Agree
liberia,2076184,,,,1-Agree
liberia,2076186,1-Male,28,3-Some junior high,1-Agree
liberia,2076145,1-Male,34,3-Some junior high,1-Agree
liberia,2076125,2-Female,34,7-Some university,1-Agree
liberia,2076183,2-Female,39,2-Completed ABC,1-Agree
liberia,2076221,1-Male,44,2-Completed ABC,1-Agree
liberia,2076127,2-Female,30,6-Completed high school,1-Agree
liberia,2076126,1-Male,57,7-Some university,1-Agree
liberia,2076185,1-Male,25,6-Completed high school,1-Agree
liberia,2076128,1-Male,35,88-Other,1-Agree
liberia,2076144,2-Female,26,2-Completed ABC,1-Agree
liberia,2077193,2-Female,25,0-None,0-Disagree
liberia,2077154,1-Male,56,5-Some high school,0-Disagree
liberia,2077115,1-Male,47,3-Some junior high,1-Agree
liberia,2077151,1-Male,45,7-Some university,1-Agree
liberia,2077114,2-Female,25,1-Some ABC,1-Agree
liberia,2077111,2-Female,50,3-Some junior high,1-Agree
liberia,2077131,1-Male,99,8-Completed university,0-Disagree
liberia,2077132,2-Female,42,6-Completed high school,1-Agree
liberia,2077162,1-Male,55,5-Some high school,1-Agree
liberia,2077152,1-Male,55,6-Completed high school,1-Agree
liberia,2077194,1-Male,26,6-Completed high school,1-Agree
liberia,2077113,2-Female,23,3-Some junior high,97-Do not know
liberia,2077153,2-Female,45,0-None,1-Agree
liberia,2077163,2-Female,32,5-Some high school,1-Agree
liberia,2077161,1-Male,69,6-Completed high school,1-Agree
liberia,2077133,,,,1-Agree
liberia,2077164,1-Male,72,8-Completed university,1-Agree
liberia,2077191,1-Male,20,5-Some high school,1-Agree
liberia,2077192,2-Female,22,5-Some high school,1-Agree
liberia,2077112,1-Male,62,6-Completed high school,97-Do not know
liberia,2078201,2-Female,23,3-Some junior high,1-Agree
liberia,2078174,2-Female,32,6-Completed high school,1-Agree
liberia,2078107,1-Male,34,6-Completed high school,1-Agree
liberia,2078105,2-Female,51,3-Some junior high,1-Agree
liberia,2078202,2-Female,40,0-None,97-Do not know
liberia,2078172,2-Female,30,3-Some junior high,97-Do not know
liberia,2078203,1-Male,33,7-Some university,1-Agree
liberia,2078177,1-Male,35,3-Some junior high,1-Agree
liberia,2078175,1-Male,23,6-Completed high school,1-Agree
liberia,2078171,2-Female,21,0-None,97-Do not know
liberia,2078205,2-Female,37,0-None,97-Do not know
liberia,2078103,2-Female,31,5-Some high school,1-Agree
liberia,2078176,2-Female,21,0-None,1-Agree
liberia,2078104,2-Female,21,3-Some junior high,97-Do not know
liberia,2078101,2-Female,32,0-None,1-Agree
liberia,2078204,2-Female,29,5-Some high school,1-Agree
liberia,2078106,1-Male,33,2-Completed ABC,1-Agree
liberia,2078102,1-Male,30,6-Completed high school,97-Do not know